cell_id,mechanism,weight_precision,kv_cache_dtype,attn_backend,enforce_eager,workload,concurrency,repeat,itl_slo_ms,ttft_slo_ms,goodput_rps,met_fraction,throughput_rps,output_tokens_per_s
aaeb804d4d2a584f,none,bf16,auto,FLASHINFER,False,gsm8k,1,0,20,200,0.0,0.0,0.1138,26.3
aaeb804d4d2a584f,none,bf16,auto,FLASHINFER,False,gsm8k,1,0,20,500,0.0,0.0,0.1138,26.3
aaeb804d4d2a584f,none,bf16,auto,FLASHINFER,False,gsm8k,1,0,20,1000,0.0,0.0,0.1138,26.3
aaeb804d4d2a584f,none,bf16,auto,FLASHINFER,False,gsm8k,1,0,35,200,0.0,0.0,0.1138,26.3
aaeb804d4d2a584f,none,bf16,auto,FLASHINFER,False,gsm8k,1,0,35,500,0.0,0.0,0.1138,26.3
aaeb804d4d2a584f,none,bf16,auto,FLASHINFER,False,gsm8k,1,0,35,1000,0.0,0.0,0.1138,26.3
aaeb804d4d2a584f,none,bf16,auto,FLASHINFER,False,gsm8k,1,0,50,200,0.0,0.0,0.1138,26.3
aaeb804d4d2a584f,none,bf16,auto,FLASHINFER,False,gsm8k,1,0,50,500,0.0,0.0,0.1138,26.3
aaeb804d4d2a584f,none,bf16,auto,FLASHINFER,False,gsm8k,1,0,50,1000,0.0,0.0,0.1138,26.3
aaeb804d4d2a584f,none,bf16,auto,FLASHINFER,False,gsm8k,1,0,75,200,0.0,0.0,0.1138,26.3
aaeb804d4d2a584f,none,bf16,auto,FLASHINFER,False,gsm8k,1,0,75,500,0.0,0.0,0.1138,26.3
aaeb804d4d2a584f,none,bf16,auto,FLASHINFER,False,gsm8k,1,0,75,1000,0.0,0.0,0.1138,26.3
aaeb804d4d2a584f,none,bf16,auto,FLASHINFER,False,gsm8k,16,0,20,200,0.0,0.0,1.0326,269.87
aaeb804d4d2a584f,none,bf16,auto,FLASHINFER,False,gsm8k,16,0,20,500,0.0,0.0,1.0326,269.87
aaeb804d4d2a584f,none,bf16,auto,FLASHINFER,False,gsm8k,16,0,20,1000,0.0,0.0,1.0326,269.87
aaeb804d4d2a584f,none,bf16,auto,FLASHINFER,False,gsm8k,16,0,35,200,0.0,0.0,1.0326,269.87
aaeb804d4d2a584f,none,bf16,auto,FLASHINFER,False,gsm8k,16,0,35,500,0.0,0.0,1.0326,269.87
aaeb804d4d2a584f,none,bf16,auto,FLASHINFER,False,gsm8k,16,0,35,1000,0.0,0.0,1.0326,269.87
aaeb804d4d2a584f,none,bf16,auto,FLASHINFER,False,gsm8k,16,0,50,200,0.0,0.0,1.0326,269.87
aaeb804d4d2a584f,none,bf16,auto,FLASHINFER,False,gsm8k,16,0,50,500,0.0,0.0,1.0326,269.87
aaeb804d4d2a584f,none,bf16,auto,FLASHINFER,False,gsm8k,16,0,50,1000,0.0,0.0,1.0326,269.87
aaeb804d4d2a584f,none,bf16,auto,FLASHINFER,False,gsm8k,16,0,75,200,0.0,0.0,1.0326,269.87
aaeb804d4d2a584f,none,bf16,auto,FLASHINFER,False,gsm8k,16,0,75,500,0.0,0.0,1.0326,269.87
aaeb804d4d2a584f,none,bf16,auto,FLASHINFER,False,gsm8k,16,0,75,1000,0.0,0.0,1.0326,269.87
c6519fb025e64635,dflash,bf16,auto,FLASHINFER,False,gsm8k,1,0,20,200,0.0,0.0,0.2065,47.26
c6519fb025e64635,dflash,bf16,auto,FLASHINFER,False,gsm8k,1,0,20,500,0.0,0.0,0.2065,47.26
c6519fb025e64635,dflash,bf16,auto,FLASHINFER,False,gsm8k,1,0,20,1000,0.0,0.0,0.2065,47.26
c6519fb025e64635,dflash,bf16,auto,FLASHINFER,False,gsm8k,1,0,35,200,0.0,0.0,0.2065,47.26
c6519fb025e64635,dflash,bf16,auto,FLASHINFER,False,gsm8k,1,0,35,500,0.0,0.0,0.2065,47.26
c6519fb025e64635,dflash,bf16,auto,FLASHINFER,False,gsm8k,1,0,35,1000,0.0,0.0,0.2065,47.26
c6519fb025e64635,dflash,bf16,auto,FLASHINFER,False,gsm8k,1,0,50,200,0.0,0.0,0.2065,47.26
c6519fb025e64635,dflash,bf16,auto,FLASHINFER,False,gsm8k,1,0,50,500,0.0,0.0,0.2065,47.26
c6519fb025e64635,dflash,bf16,auto,FLASHINFER,False,gsm8k,1,0,50,1000,0.0,0.0,0.2065,47.26
c6519fb025e64635,dflash,bf16,auto,FLASHINFER,False,gsm8k,1,0,75,200,0.0,0.0,0.2065,47.26
c6519fb025e64635,dflash,bf16,auto,FLASHINFER,False,gsm8k,1,0,75,500,0.0,0.0,0.2065,47.26
c6519fb025e64635,dflash,bf16,auto,FLASHINFER,False,gsm8k,1,0,75,1000,0.0,0.0,0.2065,47.26
c6519fb025e64635,dflash,bf16,auto,FLASHINFER,False,gsm8k,16,0,20,200,0.0,0.0,2.2208,578.86
c6519fb025e64635,dflash,bf16,auto,FLASHINFER,False,gsm8k,16,0,20,500,0.0,0.0,2.2208,578.86
c6519fb025e64635,dflash,bf16,auto,FLASHINFER,False,gsm8k,16,0,20,1000,0.0,0.0,2.2208,578.86
c6519fb025e64635,dflash,bf16,auto,FLASHINFER,False,gsm8k,16,0,35,200,0.0,0.0,2.2208,578.86
c6519fb025e64635,dflash,bf16,auto,FLASHINFER,False,gsm8k,16,0,35,500,0.0,0.0,2.2208,578.86
c6519fb025e64635,dflash,bf16,auto,FLASHINFER,False,gsm8k,16,0,35,1000,0.0,0.0,2.2208,578.86
c6519fb025e64635,dflash,bf16,auto,FLASHINFER,False,gsm8k,16,0,50,200,0.0,0.0,2.2208,578.86
c6519fb025e64635,dflash,bf16,auto,FLASHINFER,False,gsm8k,16,0,50,500,0.0,0.0,2.2208,578.86
c6519fb025e64635,dflash,bf16,auto,FLASHINFER,False,gsm8k,16,0,50,1000,0.0,0.0,2.2208,578.86
c6519fb025e64635,dflash,bf16,auto,FLASHINFER,False,gsm8k,16,0,75,200,0.0,0.0,2.2208,578.86
c6519fb025e64635,dflash,bf16,auto,FLASHINFER,False,gsm8k,16,0,75,500,0.0,0.0,2.2208,578.86
c6519fb025e64635,dflash,bf16,auto,FLASHINFER,False,gsm8k,16,0,75,1000,0.0,0.0,2.2208,578.86
551ab2aa2e3b1cc5,dflash,fp8,fp8_e4m3,FLASHINFER,False,gsm8k,1,0,20,200,0.0,0.0,0.3629,89.13
551ab2aa2e3b1cc5,dflash,fp8,fp8_e4m3,FLASHINFER,False,gsm8k,1,0,20,500,0.0,0.0,0.3629,89.13
551ab2aa2e3b1cc5,dflash,fp8,fp8_e4m3,FLASHINFER,False,gsm8k,1,0,20,1000,0.0,0.0,0.3629,89.13
551ab2aa2e3b1cc5,dflash,fp8,fp8_e4m3,FLASHINFER,False,gsm8k,1,0,35,200,0.0,0.0,0.3629,89.13
551ab2aa2e3b1cc5,dflash,fp8,fp8_e4m3,FLASHINFER,False,gsm8k,1,0,35,500,0.0,0.0,0.3629,89.13
551ab2aa2e3b1cc5,dflash,fp8,fp8_e4m3,FLASHINFER,False,gsm8k,1,0,35,1000,0.0,0.0,0.3629,89.13
551ab2aa2e3b1cc5,dflash,fp8,fp8_e4m3,FLASHINFER,False,gsm8k,1,0,50,200,0.0,0.0,0.3629,89.13
551ab2aa2e3b1cc5,dflash,fp8,fp8_e4m3,FLASHINFER,False,gsm8k,1,0,50,500,0.0,0.0,0.3629,89.13
551ab2aa2e3b1cc5,dflash,fp8,fp8_e4m3,FLASHINFER,False,gsm8k,1,0,50,1000,0.0,0.0,0.3629,89.13
551ab2aa2e3b1cc5,dflash,fp8,fp8_e4m3,FLASHINFER,False,gsm8k,1,0,75,200,0.0,0.0,0.3629,89.13
551ab2aa2e3b1cc5,dflash,fp8,fp8_e4m3,FLASHINFER,False,gsm8k,1,0,75,500,0.0,0.0,0.3629,89.13
551ab2aa2e3b1cc5,dflash,fp8,fp8_e4m3,FLASHINFER,False,gsm8k,1,0,75,1000,0.0,0.0,0.3629,89.13
551ab2aa2e3b1cc5,dflash,fp8,fp8_e4m3,FLASHINFER,False,gsm8k,1,1,20,200,0.0,0.0,0.4068,105.38
551ab2aa2e3b1cc5,dflash,fp8,fp8_e4m3,FLASHINFER,False,gsm8k,1,1,20,500,0.0,0.0,0.4068,105.38
551ab2aa2e3b1cc5,dflash,fp8,fp8_e4m3,FLASHINFER,False,gsm8k,1,1,20,1000,0.0,0.0,0.4068,105.38
551ab2aa2e3b1cc5,dflash,fp8,fp8_e4m3,FLASHINFER,False,gsm8k,1,1,35,200,0.0,0.0,0.4068,105.38
551ab2aa2e3b1cc5,dflash,fp8,fp8_e4m3,FLASHINFER,False,gsm8k,1,1,35,500,0.0,0.0,0.4068,105.38
551ab2aa2e3b1cc5,dflash,fp8,fp8_e4m3,FLASHINFER,False,gsm8k,1,1,35,1000,0.0,0.0,0.4068,105.38
551ab2aa2e3b1cc5,dflash,fp8,fp8_e4m3,FLASHINFER,False,gsm8k,1,1,50,200,0.0,0.0,0.4068,105.38
551ab2aa2e3b1cc5,dflash,fp8,fp8_e4m3,FLASHINFER,False,gsm8k,1,1,50,500,0.0,0.0,0.4068,105.38
551ab2aa2e3b1cc5,dflash,fp8,fp8_e4m3,FLASHINFER,False,gsm8k,1,1,50,1000,0.0,0.0,0.4068,105.38
551ab2aa2e3b1cc5,dflash,fp8,fp8_e4m3,FLASHINFER,False,gsm8k,1,1,75,200,0.0,0.0,0.4068,105.38
551ab2aa2e3b1cc5,dflash,fp8,fp8_e4m3,FLASHINFER,False,gsm8k,1,1,75,500,0.0,0.0,0.4068,105.38
551ab2aa2e3b1cc5,dflash,fp8,fp8_e4m3,FLASHINFER,False,gsm8k,1,1,75,1000,0.0,0.0,0.4068,105.38
551ab2aa2e3b1cc5,dflash,fp8,fp8_e4m3,FLASHINFER,False,gsm8k,1,2,20,200,0.0,0.0,0.3779,97.75
551ab2aa2e3b1cc5,dflash,fp8,fp8_e4m3,FLASHINFER,False,gsm8k,1,2,20,500,0.0,0.0,0.3779,97.75
551ab2aa2e3b1cc5,dflash,fp8,fp8_e4m3,FLASHINFER,False,gsm8k,1,2,20,1000,0.0,0.0,0.3779,97.75
551ab2aa2e3b1cc5,dflash,fp8,fp8_e4m3,FLASHINFER,False,gsm8k,1,2,35,200,0.0,0.0,0.3779,97.75
551ab2aa2e3b1cc5,dflash,fp8,fp8_e4m3,FLASHINFER,False,gsm8k,1,2,35,500,0.0,0.0,0.3779,97.75
551ab2aa2e3b1cc5,dflash,fp8,fp8_e4m3,FLASHINFER,False,gsm8k,1,2,35,1000,0.0,0.0,0.3779,97.75
551ab2aa2e3b1cc5,dflash,fp8,fp8_e4m3,FLASHINFER,False,gsm8k,1,2,50,200,0.0,0.0,0.3779,97.75
551ab2aa2e3b1cc5,dflash,fp8,fp8_e4m3,FLASHINFER,False,gsm8k,1,2,50,500,0.0,0.0,0.3779,97.75
551ab2aa2e3b1cc5,dflash,fp8,fp8_e4m3,FLASHINFER,False,gsm8k,1,2,50,1000,0.0,0.0,0.3779,97.75
551ab2aa2e3b1cc5,dflash,fp8,fp8_e4m3,FLASHINFER,False,gsm8k,1,2,75,200,0.0,0.0,0.3779,97.75
551ab2aa2e3b1cc5,dflash,fp8,fp8_e4m3,FLASHINFER,False,gsm8k,1,2,75,500,0.0,0.0,0.3779,97.75
551ab2aa2e3b1cc5,dflash,fp8,fp8_e4m3,FLASHINFER,False,gsm8k,1,2,75,1000,0.0,0.0,0.3779,97.75
551ab2aa2e3b1cc5,dflash,fp8,fp8_e4m3,FLASHINFER,False,gsm8k,4,0,20,200,0.0,0.0,0.931,226.16
551ab2aa2e3b1cc5,dflash,fp8,fp8_e4m3,FLASHINFER,False,gsm8k,4,0,20,500,0.0,0.0,0.931,226.16
551ab2aa2e3b1cc5,dflash,fp8,fp8_e4m3,FLASHINFER,False,gsm8k,4,0,20,1000,0.0,0.0,0.931,226.16
551ab2aa2e3b1cc5,dflash,fp8,fp8_e4m3,FLASHINFER,False,gsm8k,4,0,35,200,0.0,0.0,0.931,226.16
551ab2aa2e3b1cc5,dflash,fp8,fp8_e4m3,FLASHINFER,False,gsm8k,4,0,35,500,0.0,0.0,0.931,226.16
551ab2aa2e3b1cc5,dflash,fp8,fp8_e4m3,FLASHINFER,False,gsm8k,4,0,35,1000,0.0,0.0,0.931,226.16
551ab2aa2e3b1cc5,dflash,fp8,fp8_e4m3,FLASHINFER,False,gsm8k,4,0,50,200,0.0,0.0,0.931,226.16
551ab2aa2e3b1cc5,dflash,fp8,fp8_e4m3,FLASHINFER,False,gsm8k,4,0,50,500,0.0,0.0,0.931,226.16
551ab2aa2e3b1cc5,dflash,fp8,fp8_e4m3,FLASHINFER,False,gsm8k,4,0,50,1000,0.0,0.0,0.931,226.16
551ab2aa2e3b1cc5,dflash,fp8,fp8_e4m3,FLASHINFER,False,gsm8k,4,0,75,200,0.0,0.0,0.931,226.16
551ab2aa2e3b1cc5,dflash,fp8,fp8_e4m3,FLASHINFER,False,gsm8k,4,0,75,500,0.0,0.0,0.931,226.16
551ab2aa2e3b1cc5,dflash,fp8,fp8_e4m3,FLASHINFER,False,gsm8k,4,0,75,1000,0.0,0.0,0.931,226.16
551ab2aa2e3b1cc5,dflash,fp8,fp8_e4m3,FLASHINFER,False,gsm8k,4,1,20,200,0.0,0.0,1.1928,299.62
551ab2aa2e3b1cc5,dflash,fp8,fp8_e4m3,FLASHINFER,False,gsm8k,4,1,20,500,0.0,0.0,1.1928,299.62
551ab2aa2e3b1cc5,dflash,fp8,fp8_e4m3,FLASHINFER,False,gsm8k,4,1,20,1000,0.0,0.0,1.1928,299.62
551ab2aa2e3b1cc5,dflash,fp8,fp8_e4m3,FLASHINFER,False,gsm8k,4,1,35,200,0.0,0.0,1.1928,299.62
551ab2aa2e3b1cc5,dflash,fp8,fp8_e4m3,FLASHINFER,False,gsm8k,4,1,35,500,0.0,0.0,1.1928,299.62
551ab2aa2e3b1cc5,dflash,fp8,fp8_e4m3,FLASHINFER,False,gsm8k,4,1,35,1000,0.0,0.0,1.1928,299.62
551ab2aa2e3b1cc5,dflash,fp8,fp8_e4m3,FLASHINFER,False,gsm8k,4,1,50,200,0.0,0.0,1.1928,299.62
551ab2aa2e3b1cc5,dflash,fp8,fp8_e4m3,FLASHINFER,False,gsm8k,4,1,50,500,0.0,0.0,1.1928,299.62
551ab2aa2e3b1cc5,dflash,fp8,fp8_e4m3,FLASHINFER,False,gsm8k,4,1,50,1000,0.0,0.0,1.1928,299.62
551ab2aa2e3b1cc5,dflash,fp8,fp8_e4m3,FLASHINFER,False,gsm8k,4,1,75,200,0.0,0.0,1.1928,299.62
551ab2aa2e3b1cc5,dflash,fp8,fp8_e4m3,FLASHINFER,False,gsm8k,4,1,75,500,0.0,0.0,1.1928,299.62
551ab2aa2e3b1cc5,dflash,fp8,fp8_e4m3,FLASHINFER,False,gsm8k,4,1,75,1000,0.0,0.0,1.1928,299.62
551ab2aa2e3b1cc5,dflash,fp8,fp8_e4m3,FLASHINFER,False,gsm8k,4,2,20,200,0.0,0.0,1.1071,308.59
551ab2aa2e3b1cc5,dflash,fp8,fp8_e4m3,FLASHINFER,False,gsm8k,4,2,20,500,0.0,0.0,1.1071,308.59
551ab2aa2e3b1cc5,dflash,fp8,fp8_e4m3,FLASHINFER,False,gsm8k,4,2,20,1000,0.0,0.0,1.1071,308.59
551ab2aa2e3b1cc5,dflash,fp8,fp8_e4m3,FLASHINFER,False,gsm8k,4,2,35,200,0.0,0.0,1.1071,308.59
551ab2aa2e3b1cc5,dflash,fp8,fp8_e4m3,FLASHINFER,False,gsm8k,4,2,35,500,0.0,0.0,1.1071,308.59
551ab2aa2e3b1cc5,dflash,fp8,fp8_e4m3,FLASHINFER,False,gsm8k,4,2,35,1000,0.0,0.0,1.1071,308.59
551ab2aa2e3b1cc5,dflash,fp8,fp8_e4m3,FLASHINFER,False,gsm8k,4,2,50,200,0.0,0.0,1.1071,308.59
551ab2aa2e3b1cc5,dflash,fp8,fp8_e4m3,FLASHINFER,False,gsm8k,4,2,50,500,0.0,0.0,1.1071,308.59
551ab2aa2e3b1cc5,dflash,fp8,fp8_e4m3,FLASHINFER,False,gsm8k,4,2,50,1000,0.0,0.0,1.1071,308.59
551ab2aa2e3b1cc5,dflash,fp8,fp8_e4m3,FLASHINFER,False,gsm8k,4,2,75,200,0.0,0.0,1.1071,308.59
551ab2aa2e3b1cc5,dflash,fp8,fp8_e4m3,FLASHINFER,False,gsm8k,4,2,75,500,0.0,0.0,1.1071,308.59
551ab2aa2e3b1cc5,dflash,fp8,fp8_e4m3,FLASHINFER,False,gsm8k,4,2,75,1000,0.0,0.0,1.1071,308.59
551ab2aa2e3b1cc5,dflash,fp8,fp8_e4m3,FLASHINFER,False,gsm8k,16,0,20,200,0.0,0.0,3.4404,925.53
551ab2aa2e3b1cc5,dflash,fp8,fp8_e4m3,FLASHINFER,False,gsm8k,16,0,20,500,0.0,0.0,3.4404,925.53
551ab2aa2e3b1cc5,dflash,fp8,fp8_e4m3,FLASHINFER,False,gsm8k,16,0,20,1000,0.0,0.0,3.4404,925.53
551ab2aa2e3b1cc5,dflash,fp8,fp8_e4m3,FLASHINFER,False,gsm8k,16,0,35,200,0.0,0.0,3.4404,925.53
551ab2aa2e3b1cc5,dflash,fp8,fp8_e4m3,FLASHINFER,False,gsm8k,16,0,35,500,0.0,0.0,3.4404,925.53
551ab2aa2e3b1cc5,dflash,fp8,fp8_e4m3,FLASHINFER,False,gsm8k,16,0,35,1000,0.0,0.0,3.4404,925.53
551ab2aa2e3b1cc5,dflash,fp8,fp8_e4m3,FLASHINFER,False,gsm8k,16,0,50,200,0.0,0.0,3.4404,925.53
551ab2aa2e3b1cc5,dflash,fp8,fp8_e4m3,FLASHINFER,False,gsm8k,16,0,50,500,0.0,0.0,3.4404,925.53
551ab2aa2e3b1cc5,dflash,fp8,fp8_e4m3,FLASHINFER,False,gsm8k,16,0,50,1000,0.0,0.0,3.4404,925.53
551ab2aa2e3b1cc5,dflash,fp8,fp8_e4m3,FLASHINFER,False,gsm8k,16,0,75,200,0.0,0.0,3.4404,925.53
551ab2aa2e3b1cc5,dflash,fp8,fp8_e4m3,FLASHINFER,False,gsm8k,16,0,75,500,0.0,0.0,3.4404,925.53
551ab2aa2e3b1cc5,dflash,fp8,fp8_e4m3,FLASHINFER,False,gsm8k,16,0,75,1000,0.0,0.0,3.4404,925.53
551ab2aa2e3b1cc5,dflash,fp8,fp8_e4m3,FLASHINFER,False,gsm8k,16,1,20,200,0.0,0.0,3.6658,901.96
551ab2aa2e3b1cc5,dflash,fp8,fp8_e4m3,FLASHINFER,False,gsm8k,16,1,20,500,0.0,0.0,3.6658,901.96
551ab2aa2e3b1cc5,dflash,fp8,fp8_e4m3,FLASHINFER,False,gsm8k,16,1,20,1000,0.0,0.0,3.6658,901.96
551ab2aa2e3b1cc5,dflash,fp8,fp8_e4m3,FLASHINFER,False,gsm8k,16,1,35,200,0.0,0.0,3.6658,901.96
551ab2aa2e3b1cc5,dflash,fp8,fp8_e4m3,FLASHINFER,False,gsm8k,16,1,35,500,0.0,0.0,3.6658,901.96
551ab2aa2e3b1cc5,dflash,fp8,fp8_e4m3,FLASHINFER,False,gsm8k,16,1,35,1000,0.0,0.0,3.6658,901.96
551ab2aa2e3b1cc5,dflash,fp8,fp8_e4m3,FLASHINFER,False,gsm8k,16,1,50,200,0.0,0.0,3.6658,901.96
551ab2aa2e3b1cc5,dflash,fp8,fp8_e4m3,FLASHINFER,False,gsm8k,16,1,50,500,0.0,0.0,3.6658,901.96
551ab2aa2e3b1cc5,dflash,fp8,fp8_e4m3,FLASHINFER,False,gsm8k,16,1,50,1000,0.0,0.0,3.6658,901.96
551ab2aa2e3b1cc5,dflash,fp8,fp8_e4m3,FLASHINFER,False,gsm8k,16,1,75,200,0.0,0.0,3.6658,901.96
551ab2aa2e3b1cc5,dflash,fp8,fp8_e4m3,FLASHINFER,False,gsm8k,16,1,75,500,0.0,0.0,3.6658,901.96
551ab2aa2e3b1cc5,dflash,fp8,fp8_e4m3,FLASHINFER,False,gsm8k,16,1,75,1000,0.0,0.0,3.6658,901.96
551ab2aa2e3b1cc5,dflash,fp8,fp8_e4m3,FLASHINFER,False,gsm8k,16,2,20,200,0.0,0.0,3.6503,934.19
551ab2aa2e3b1cc5,dflash,fp8,fp8_e4m3,FLASHINFER,False,gsm8k,16,2,20,500,0.0,0.0,3.6503,934.19
551ab2aa2e3b1cc5,dflash,fp8,fp8_e4m3,FLASHINFER,False,gsm8k,16,2,20,1000,0.0,0.0,3.6503,934.19
551ab2aa2e3b1cc5,dflash,fp8,fp8_e4m3,FLASHINFER,False,gsm8k,16,2,35,200,0.0,0.0,3.6503,934.19
551ab2aa2e3b1cc5,dflash,fp8,fp8_e4m3,FLASHINFER,False,gsm8k,16,2,35,500,0.0,0.0,3.6503,934.19
551ab2aa2e3b1cc5,dflash,fp8,fp8_e4m3,FLASHINFER,False,gsm8k,16,2,35,1000,0.0,0.0,3.6503,934.19
551ab2aa2e3b1cc5,dflash,fp8,fp8_e4m3,FLASHINFER,False,gsm8k,16,2,50,200,0.0,0.0,3.6503,934.19
551ab2aa2e3b1cc5,dflash,fp8,fp8_e4m3,FLASHINFER,False,gsm8k,16,2,50,500,0.0,0.0,3.6503,934.19
551ab2aa2e3b1cc5,dflash,fp8,fp8_e4m3,FLASHINFER,False,gsm8k,16,2,50,1000,0.0,0.0,3.6503,934.19
551ab2aa2e3b1cc5,dflash,fp8,fp8_e4m3,FLASHINFER,False,gsm8k,16,2,75,200,0.0,0.0,3.6503,934.19
551ab2aa2e3b1cc5,dflash,fp8,fp8_e4m3,FLASHINFER,False,gsm8k,16,2,75,500,0.0,0.0,3.6503,934.19
551ab2aa2e3b1cc5,dflash,fp8,fp8_e4m3,FLASHINFER,False,gsm8k,16,2,75,1000,0.0,0.0,3.6503,934.19
551ab2aa2e3b1cc5,dflash,fp8,fp8_e4m3,FLASHINFER,False,gsm8k,64,0,20,200,0.0,0.0,7.7525,2072.76
551ab2aa2e3b1cc5,dflash,fp8,fp8_e4m3,FLASHINFER,False,gsm8k,64,0,20,500,0.0,0.0,7.7525,2072.76
551ab2aa2e3b1cc5,dflash,fp8,fp8_e4m3,FLASHINFER,False,gsm8k,64,0,20,1000,0.0,0.0,7.7525,2072.76
551ab2aa2e3b1cc5,dflash,fp8,fp8_e4m3,FLASHINFER,False,gsm8k,64,0,35,200,0.0,0.0,7.7525,2072.76
551ab2aa2e3b1cc5,dflash,fp8,fp8_e4m3,FLASHINFER,False,gsm8k,64,0,35,500,0.0,0.0,7.7525,2072.76
551ab2aa2e3b1cc5,dflash,fp8,fp8_e4m3,FLASHINFER,False,gsm8k,64,0,35,1000,0.0,0.0,7.7525,2072.76
551ab2aa2e3b1cc5,dflash,fp8,fp8_e4m3,FLASHINFER,False,gsm8k,64,0,50,200,0.0,0.0,7.7525,2072.76
551ab2aa2e3b1cc5,dflash,fp8,fp8_e4m3,FLASHINFER,False,gsm8k,64,0,50,500,0.0,0.0,7.7525,2072.76
551ab2aa2e3b1cc5,dflash,fp8,fp8_e4m3,FLASHINFER,False,gsm8k,64,0,50,1000,0.0,0.0,7.7525,2072.76
551ab2aa2e3b1cc5,dflash,fp8,fp8_e4m3,FLASHINFER,False,gsm8k,64,0,75,200,0.0,0.0,7.7525,2072.76
551ab2aa2e3b1cc5,dflash,fp8,fp8_e4m3,FLASHINFER,False,gsm8k,64,0,75,500,0.0,0.0,7.7525,2072.76
551ab2aa2e3b1cc5,dflash,fp8,fp8_e4m3,FLASHINFER,False,gsm8k,64,0,75,1000,0.0,0.0,7.7525,2072.76
551ab2aa2e3b1cc5,dflash,fp8,fp8_e4m3,FLASHINFER,False,gsm8k,64,1,20,200,0.0,0.0,9.1522,2282.69
551ab2aa2e3b1cc5,dflash,fp8,fp8_e4m3,FLASHINFER,False,gsm8k,64,1,20,500,0.0,0.0,9.1522,2282.69
551ab2aa2e3b1cc5,dflash,fp8,fp8_e4m3,FLASHINFER,False,gsm8k,64,1,20,1000,0.0,0.0,9.1522,2282.69
551ab2aa2e3b1cc5,dflash,fp8,fp8_e4m3,FLASHINFER,False,gsm8k,64,1,35,200,0.0,0.0,9.1522,2282.69
551ab2aa2e3b1cc5,dflash,fp8,fp8_e4m3,FLASHINFER,False,gsm8k,64,1,35,500,0.0,0.0,9.1522,2282.69
551ab2aa2e3b1cc5,dflash,fp8,fp8_e4m3,FLASHINFER,False,gsm8k,64,1,35,1000,0.0,0.0,9.1522,2282.69
551ab2aa2e3b1cc5,dflash,fp8,fp8_e4m3,FLASHINFER,False,gsm8k,64,1,50,200,0.0,0.0,9.1522,2282.69
551ab2aa2e3b1cc5,dflash,fp8,fp8_e4m3,FLASHINFER,False,gsm8k,64,1,50,500,0.0,0.0,9.1522,2282.69
551ab2aa2e3b1cc5,dflash,fp8,fp8_e4m3,FLASHINFER,False,gsm8k,64,1,50,1000,0.0,0.0,9.1522,2282.69
551ab2aa2e3b1cc5,dflash,fp8,fp8_e4m3,FLASHINFER,False,gsm8k,64,1,75,200,0.0,0.0,9.1522,2282.69
551ab2aa2e3b1cc5,dflash,fp8,fp8_e4m3,FLASHINFER,False,gsm8k,64,1,75,500,0.0,0.0,9.1522,2282.69
551ab2aa2e3b1cc5,dflash,fp8,fp8_e4m3,FLASHINFER,False,gsm8k,64,1,75,1000,0.0,0.0,9.1522,2282.69
551ab2aa2e3b1cc5,dflash,fp8,fp8_e4m3,FLASHINFER,False,gsm8k,64,2,20,200,0.0,0.0,8.4478,2187.77
551ab2aa2e3b1cc5,dflash,fp8,fp8_e4m3,FLASHINFER,False,gsm8k,64,2,20,500,0.0,0.0,8.4478,2187.77
551ab2aa2e3b1cc5,dflash,fp8,fp8_e4m3,FLASHINFER,False,gsm8k,64,2,20,1000,0.0,0.0,8.4478,2187.77
551ab2aa2e3b1cc5,dflash,fp8,fp8_e4m3,FLASHINFER,False,gsm8k,64,2,35,200,0.0,0.0,8.4478,2187.77
551ab2aa2e3b1cc5,dflash,fp8,fp8_e4m3,FLASHINFER,False,gsm8k,64,2,35,500,0.0,0.0,8.4478,2187.77
551ab2aa2e3b1cc5,dflash,fp8,fp8_e4m3,FLASHINFER,False,gsm8k,64,2,35,1000,0.0,0.0,8.4478,2187.77
551ab2aa2e3b1cc5,dflash,fp8,fp8_e4m3,FLASHINFER,False,gsm8k,64,2,50,200,0.0,0.0,8.4478,2187.77
551ab2aa2e3b1cc5,dflash,fp8,fp8_e4m3,FLASHINFER,False,gsm8k,64,2,50,500,0.0,0.0,8.4478,2187.77
551ab2aa2e3b1cc5,dflash,fp8,fp8_e4m3,FLASHINFER,False,gsm8k,64,2,50,1000,0.0,0.0,8.4478,2187.77
551ab2aa2e3b1cc5,dflash,fp8,fp8_e4m3,FLASHINFER,False,gsm8k,64,2,75,200,0.0,0.0,8.4478,2187.77
551ab2aa2e3b1cc5,dflash,fp8,fp8_e4m3,FLASHINFER,False,gsm8k,64,2,75,500,0.0,0.0,8.4478,2187.77
551ab2aa2e3b1cc5,dflash,fp8,fp8_e4m3,FLASHINFER,False,gsm8k,64,2,75,1000,0.0,0.0,8.4478,2187.77
5824814b68901229,dflash,bf16,fp8_e4m3,FLASHINFER,False,gsm8k,1,0,20,200,0.0,0.0,0.1446,33.81
5824814b68901229,dflash,bf16,fp8_e4m3,FLASHINFER,False,gsm8k,1,0,20,500,0.0,0.0,0.1446,33.81
5824814b68901229,dflash,bf16,fp8_e4m3,FLASHINFER,False,gsm8k,1,0,20,1000,0.0,0.0,0.1446,33.81
5824814b68901229,dflash,bf16,fp8_e4m3,FLASHINFER,False,gsm8k,1,0,35,200,0.0,0.0,0.1446,33.81
5824814b68901229,dflash,bf16,fp8_e4m3,FLASHINFER,False,gsm8k,1,0,35,500,0.0,0.0,0.1446,33.81
5824814b68901229,dflash,bf16,fp8_e4m3,FLASHINFER,False,gsm8k,1,0,35,1000,0.0,0.0,0.1446,33.81
5824814b68901229,dflash,bf16,fp8_e4m3,FLASHINFER,False,gsm8k,1,0,50,200,0.0,0.0,0.1446,33.81
5824814b68901229,dflash,bf16,fp8_e4m3,FLASHINFER,False,gsm8k,1,0,50,500,0.0,0.0,0.1446,33.81
5824814b68901229,dflash,bf16,fp8_e4m3,FLASHINFER,False,gsm8k,1,0,50,1000,0.0,0.0,0.1446,33.81
5824814b68901229,dflash,bf16,fp8_e4m3,FLASHINFER,False,gsm8k,1,0,75,200,0.0,0.0,0.1446,33.81
5824814b68901229,dflash,bf16,fp8_e4m3,FLASHINFER,False,gsm8k,1,0,75,500,0.0,0.0,0.1446,33.81
5824814b68901229,dflash,bf16,fp8_e4m3,FLASHINFER,False,gsm8k,1,0,75,1000,0.0,0.0,0.1446,33.81
5824814b68901229,dflash,bf16,fp8_e4m3,FLASHINFER,False,gsm8k,1,1,20,200,0.0,0.0,0.1148,29.39
5824814b68901229,dflash,bf16,fp8_e4m3,FLASHINFER,False,gsm8k,1,1,20,500,0.0,0.0,0.1148,29.39
5824814b68901229,dflash,bf16,fp8_e4m3,FLASHINFER,False,gsm8k,1,1,20,1000,0.0,0.0,0.1148,29.39
5824814b68901229,dflash,bf16,fp8_e4m3,FLASHINFER,False,gsm8k,1,1,35,200,0.0,0.0,0.1148,29.39
5824814b68901229,dflash,bf16,fp8_e4m3,FLASHINFER,False,gsm8k,1,1,35,500,0.0,0.0,0.1148,29.39
5824814b68901229,dflash,bf16,fp8_e4m3,FLASHINFER,False,gsm8k,1,1,35,1000,0.0,0.0,0.1148,29.39
5824814b68901229,dflash,bf16,fp8_e4m3,FLASHINFER,False,gsm8k,1,1,50,200,0.0,0.0,0.1148,29.39
5824814b68901229,dflash,bf16,fp8_e4m3,FLASHINFER,False,gsm8k,1,1,50,500,0.0,0.0,0.1148,29.39
5824814b68901229,dflash,bf16,fp8_e4m3,FLASHINFER,False,gsm8k,1,1,50,1000,0.0,0.0,0.1148,29.39
5824814b68901229,dflash,bf16,fp8_e4m3,FLASHINFER,False,gsm8k,1,1,75,200,0.0,0.0,0.1148,29.39
5824814b68901229,dflash,bf16,fp8_e4m3,FLASHINFER,False,gsm8k,1,1,75,500,0.0,0.0,0.1148,29.39
5824814b68901229,dflash,bf16,fp8_e4m3,FLASHINFER,False,gsm8k,1,1,75,1000,0.0,0.0,0.1148,29.39
5824814b68901229,dflash,bf16,fp8_e4m3,FLASHINFER,False,gsm8k,1,2,20,200,0.0,0.0,0.1058,28.59
5824814b68901229,dflash,bf16,fp8_e4m3,FLASHINFER,False,gsm8k,1,2,20,500,0.0,0.0,0.1058,28.59
5824814b68901229,dflash,bf16,fp8_e4m3,FLASHINFER,False,gsm8k,1,2,20,1000,0.0,0.0,0.1058,28.59
5824814b68901229,dflash,bf16,fp8_e4m3,FLASHINFER,False,gsm8k,1,2,35,200,0.0,0.0,0.1058,28.59
5824814b68901229,dflash,bf16,fp8_e4m3,FLASHINFER,False,gsm8k,1,2,35,500,0.0,0.0,0.1058,28.59
5824814b68901229,dflash,bf16,fp8_e4m3,FLASHINFER,False,gsm8k,1,2,35,1000,0.0,0.0,0.1058,28.59
5824814b68901229,dflash,bf16,fp8_e4m3,FLASHINFER,False,gsm8k,1,2,50,200,0.0,0.0,0.1058,28.59
5824814b68901229,dflash,bf16,fp8_e4m3,FLASHINFER,False,gsm8k,1,2,50,500,0.0,0.0,0.1058,28.59
5824814b68901229,dflash,bf16,fp8_e4m3,FLASHINFER,False,gsm8k,1,2,50,1000,0.0,0.0,0.1058,28.59
5824814b68901229,dflash,bf16,fp8_e4m3,FLASHINFER,False,gsm8k,1,2,75,200,0.0,0.0,0.1058,28.59
5824814b68901229,dflash,bf16,fp8_e4m3,FLASHINFER,False,gsm8k,1,2,75,500,0.0,0.0,0.1058,28.59
5824814b68901229,dflash,bf16,fp8_e4m3,FLASHINFER,False,gsm8k,1,2,75,1000,0.0,0.0,0.1058,28.59
5824814b68901229,dflash,bf16,fp8_e4m3,FLASHINFER,False,gsm8k,4,0,20,200,0.0,0.0,0.2884,67.3
5824814b68901229,dflash,bf16,fp8_e4m3,FLASHINFER,False,gsm8k,4,0,20,500,0.0,0.0,0.2884,67.3
5824814b68901229,dflash,bf16,fp8_e4m3,FLASHINFER,False,gsm8k,4,0,20,1000,0.0,0.0,0.2884,67.3
5824814b68901229,dflash,bf16,fp8_e4m3,FLASHINFER,False,gsm8k,4,0,35,200,0.0,0.0,0.2884,67.3
5824814b68901229,dflash,bf16,fp8_e4m3,FLASHINFER,False,gsm8k,4,0,35,500,0.0,0.0,0.2884,67.3
5824814b68901229,dflash,bf16,fp8_e4m3,FLASHINFER,False,gsm8k,4,0,35,1000,0.0,0.0,0.2884,67.3
5824814b68901229,dflash,bf16,fp8_e4m3,FLASHINFER,False,gsm8k,4,0,50,200,0.0,0.0,0.2884,67.3
5824814b68901229,dflash,bf16,fp8_e4m3,FLASHINFER,False,gsm8k,4,0,50,500,0.0,0.0,0.2884,67.3
5824814b68901229,dflash,bf16,fp8_e4m3,FLASHINFER,False,gsm8k,4,0,50,1000,0.0,0.0,0.2884,67.3
5824814b68901229,dflash,bf16,fp8_e4m3,FLASHINFER,False,gsm8k,4,0,75,200,0.0,0.0,0.2884,67.3
5824814b68901229,dflash,bf16,fp8_e4m3,FLASHINFER,False,gsm8k,4,0,75,500,0.0,0.0,0.2884,67.3
5824814b68901229,dflash,bf16,fp8_e4m3,FLASHINFER,False,gsm8k,4,0,75,1000,0.0,0.0,0.2884,67.3
5824814b68901229,dflash,bf16,fp8_e4m3,FLASHINFER,False,gsm8k,4,1,20,200,0.0,0.0,0.4986,123.99
5824814b68901229,dflash,bf16,fp8_e4m3,FLASHINFER,False,gsm8k,4,1,20,500,0.0,0.0,0.4986,123.99
5824814b68901229,dflash,bf16,fp8_e4m3,FLASHINFER,False,gsm8k,4,1,20,1000,0.0,0.0,0.4986,123.99
5824814b68901229,dflash,bf16,fp8_e4m3,FLASHINFER,False,gsm8k,4,1,35,200,0.0,0.0,0.4986,123.99
5824814b68901229,dflash,bf16,fp8_e4m3,FLASHINFER,False,gsm8k,4,1,35,500,0.0,0.0,0.4986,123.99
5824814b68901229,dflash,bf16,fp8_e4m3,FLASHINFER,False,gsm8k,4,1,35,1000,0.0,0.0,0.4986,123.99
5824814b68901229,dflash,bf16,fp8_e4m3,FLASHINFER,False,gsm8k,4,1,50,200,0.0,0.0,0.4986,123.99
5824814b68901229,dflash,bf16,fp8_e4m3,FLASHINFER,False,gsm8k,4,1,50,500,0.0,0.0,0.4986,123.99
5824814b68901229,dflash,bf16,fp8_e4m3,FLASHINFER,False,gsm8k,4,1,50,1000,0.0,0.0,0.4986,123.99
5824814b68901229,dflash,bf16,fp8_e4m3,FLASHINFER,False,gsm8k,4,1,75,200,0.0,0.0,0.4986,123.99
5824814b68901229,dflash,bf16,fp8_e4m3,FLASHINFER,False,gsm8k,4,1,75,500,0.0,0.0,0.4986,123.99
5824814b68901229,dflash,bf16,fp8_e4m3,FLASHINFER,False,gsm8k,4,1,75,1000,0.0,0.0,0.4986,123.99
5824814b68901229,dflash,bf16,fp8_e4m3,FLASHINFER,False,gsm8k,4,2,20,200,0.0,0.0,0.2946,77.94
5824814b68901229,dflash,bf16,fp8_e4m3,FLASHINFER,False,gsm8k,4,2,20,500,0.0,0.0,0.2946,77.94
5824814b68901229,dflash,bf16,fp8_e4m3,FLASHINFER,False,gsm8k,4,2,20,1000,0.0,0.0,0.2946,77.94
5824814b68901229,dflash,bf16,fp8_e4m3,FLASHINFER,False,gsm8k,4,2,35,200,0.0,0.0,0.2946,77.94
5824814b68901229,dflash,bf16,fp8_e4m3,FLASHINFER,False,gsm8k,4,2,35,500,0.0,0.0,0.2946,77.94
5824814b68901229,dflash,bf16,fp8_e4m3,FLASHINFER,False,gsm8k,4,2,35,1000,0.0,0.0,0.2946,77.94
5824814b68901229,dflash,bf16,fp8_e4m3,FLASHINFER,False,gsm8k,4,2,50,200,0.0,0.0,0.2946,77.94
5824814b68901229,dflash,bf16,fp8_e4m3,FLASHINFER,False,gsm8k,4,2,50,500,0.0,0.0,0.2946,77.94
5824814b68901229,dflash,bf16,fp8_e4m3,FLASHINFER,False,gsm8k,4,2,50,1000,0.0,0.0,0.2946,77.94
5824814b68901229,dflash,bf16,fp8_e4m3,FLASHINFER,False,gsm8k,4,2,75,200,0.0,0.0,0.2946,77.94
5824814b68901229,dflash,bf16,fp8_e4m3,FLASHINFER,False,gsm8k,4,2,75,500,0.0,0.0,0.2946,77.94
5824814b68901229,dflash,bf16,fp8_e4m3,FLASHINFER,False,gsm8k,4,2,75,1000,0.0,0.0,0.2946,77.94
5824814b68901229,dflash,bf16,fp8_e4m3,FLASHINFER,False,gsm8k,16,0,20,200,0.0,0.0,1.2046,320.55
5824814b68901229,dflash,bf16,fp8_e4m3,FLASHINFER,False,gsm8k,16,0,20,500,0.0,0.0,1.2046,320.55
5824814b68901229,dflash,bf16,fp8_e4m3,FLASHINFER,False,gsm8k,16,0,20,1000,0.0,0.0,1.2046,320.55
5824814b68901229,dflash,bf16,fp8_e4m3,FLASHINFER,False,gsm8k,16,0,35,200,0.0,0.0,1.2046,320.55
5824814b68901229,dflash,bf16,fp8_e4m3,FLASHINFER,False,gsm8k,16,0,35,500,0.0,0.0,1.2046,320.55
5824814b68901229,dflash,bf16,fp8_e4m3,FLASHINFER,False,gsm8k,16,0,35,1000,0.0,0.0,1.2046,320.55
5824814b68901229,dflash,bf16,fp8_e4m3,FLASHINFER,False,gsm8k,16,0,50,200,0.0,0.0,1.2046,320.55
5824814b68901229,dflash,bf16,fp8_e4m3,FLASHINFER,False,gsm8k,16,0,50,500,0.0,0.0,1.2046,320.55
5824814b68901229,dflash,bf16,fp8_e4m3,FLASHINFER,False,gsm8k,16,0,50,1000,0.0,0.0,1.2046,320.55
5824814b68901229,dflash,bf16,fp8_e4m3,FLASHINFER,False,gsm8k,16,0,75,200,0.0,0.0,1.2046,320.55
5824814b68901229,dflash,bf16,fp8_e4m3,FLASHINFER,False,gsm8k,16,0,75,500,0.0,0.0,1.2046,320.55
5824814b68901229,dflash,bf16,fp8_e4m3,FLASHINFER,False,gsm8k,16,0,75,1000,0.0,0.0,1.2046,320.55
5824814b68901229,dflash,bf16,fp8_e4m3,FLASHINFER,False,gsm8k,16,1,20,200,0.0,0.0,1.3896,331.11
5824814b68901229,dflash,bf16,fp8_e4m3,FLASHINFER,False,gsm8k,16,1,20,500,0.0,0.0,1.3896,331.11
5824814b68901229,dflash,bf16,fp8_e4m3,FLASHINFER,False,gsm8k,16,1,20,1000,0.0,0.0,1.3896,331.11
5824814b68901229,dflash,bf16,fp8_e4m3,FLASHINFER,False,gsm8k,16,1,35,200,0.0,0.0,1.3896,331.11
5824814b68901229,dflash,bf16,fp8_e4m3,FLASHINFER,False,gsm8k,16,1,35,500,0.0,0.0,1.3896,331.11
5824814b68901229,dflash,bf16,fp8_e4m3,FLASHINFER,False,gsm8k,16,1,35,1000,0.0,0.0,1.3896,331.11
5824814b68901229,dflash,bf16,fp8_e4m3,FLASHINFER,False,gsm8k,16,1,50,200,0.0,0.0,1.3896,331.11
5824814b68901229,dflash,bf16,fp8_e4m3,FLASHINFER,False,gsm8k,16,1,50,500,0.0,0.0,1.3896,331.11
5824814b68901229,dflash,bf16,fp8_e4m3,FLASHINFER,False,gsm8k,16,1,50,1000,0.0,0.0,1.3896,331.11
5824814b68901229,dflash,bf16,fp8_e4m3,FLASHINFER,False,gsm8k,16,1,75,200,0.0,0.0,1.3896,331.11
5824814b68901229,dflash,bf16,fp8_e4m3,FLASHINFER,False,gsm8k,16,1,75,500,0.0,0.0,1.3896,331.11
5824814b68901229,dflash,bf16,fp8_e4m3,FLASHINFER,False,gsm8k,16,1,75,1000,0.0,0.0,1.3896,331.11
5824814b68901229,dflash,bf16,fp8_e4m3,FLASHINFER,False,gsm8k,16,2,20,200,0.0,0.0,1.0345,268.34
5824814b68901229,dflash,bf16,fp8_e4m3,FLASHINFER,False,gsm8k,16,2,20,500,0.0,0.0,1.0345,268.34
5824814b68901229,dflash,bf16,fp8_e4m3,FLASHINFER,False,gsm8k,16,2,20,1000,0.0,0.0,1.0345,268.34
5824814b68901229,dflash,bf16,fp8_e4m3,FLASHINFER,False,gsm8k,16,2,35,200,0.0,0.0,1.0345,268.34
5824814b68901229,dflash,bf16,fp8_e4m3,FLASHINFER,False,gsm8k,16,2,35,500,0.0,0.0,1.0345,268.34
5824814b68901229,dflash,bf16,fp8_e4m3,FLASHINFER,False,gsm8k,16,2,35,1000,0.0,0.0,1.0345,268.34
5824814b68901229,dflash,bf16,fp8_e4m3,FLASHINFER,False,gsm8k,16,2,50,200,0.0,0.0,1.0345,268.34
5824814b68901229,dflash,bf16,fp8_e4m3,FLASHINFER,False,gsm8k,16,2,50,500,0.0,0.0,1.0345,268.34
5824814b68901229,dflash,bf16,fp8_e4m3,FLASHINFER,False,gsm8k,16,2,50,1000,0.0,0.0,1.0345,268.34
5824814b68901229,dflash,bf16,fp8_e4m3,FLASHINFER,False,gsm8k,16,2,75,200,0.0,0.0,1.0345,268.34
5824814b68901229,dflash,bf16,fp8_e4m3,FLASHINFER,False,gsm8k,16,2,75,500,0.0,0.0,1.0345,268.34
5824814b68901229,dflash,bf16,fp8_e4m3,FLASHINFER,False,gsm8k,16,2,75,1000,0.0,0.0,1.0345,268.34
5824814b68901229,dflash,bf16,fp8_e4m3,FLASHINFER,False,gsm8k,64,0,20,200,0.0,0.0,3.9468,1024.28
5824814b68901229,dflash,bf16,fp8_e4m3,FLASHINFER,False,gsm8k,64,0,20,500,0.0,0.0,3.9468,1024.28
5824814b68901229,dflash,bf16,fp8_e4m3,FLASHINFER,False,gsm8k,64,0,20,1000,0.0,0.0,3.9468,1024.28
5824814b68901229,dflash,bf16,fp8_e4m3,FLASHINFER,False,gsm8k,64,0,35,200,0.0,0.0,3.9468,1024.28
5824814b68901229,dflash,bf16,fp8_e4m3,FLASHINFER,False,gsm8k,64,0,35,500,0.0,0.0,3.9468,1024.28
5824814b68901229,dflash,bf16,fp8_e4m3,FLASHINFER,False,gsm8k,64,0,35,1000,0.0,0.0,3.9468,1024.28
5824814b68901229,dflash,bf16,fp8_e4m3,FLASHINFER,False,gsm8k,64,0,50,200,0.0,0.0,3.9468,1024.28
5824814b68901229,dflash,bf16,fp8_e4m3,FLASHINFER,False,gsm8k,64,0,50,500,0.0,0.0,3.9468,1024.28
5824814b68901229,dflash,bf16,fp8_e4m3,FLASHINFER,False,gsm8k,64,0,50,1000,0.0,0.0,3.9468,1024.28
5824814b68901229,dflash,bf16,fp8_e4m3,FLASHINFER,False,gsm8k,64,0,75,200,0.0,0.0,3.9468,1024.28
5824814b68901229,dflash,bf16,fp8_e4m3,FLASHINFER,False,gsm8k,64,0,75,500,0.0,0.0,3.9468,1024.28
5824814b68901229,dflash,bf16,fp8_e4m3,FLASHINFER,False,gsm8k,64,0,75,1000,0.0,0.0,3.9468,1024.28
5824814b68901229,dflash,bf16,fp8_e4m3,FLASHINFER,False,gsm8k,64,1,20,200,0.0,0.0,4.2007,1019.08
5824814b68901229,dflash,bf16,fp8_e4m3,FLASHINFER,False,gsm8k,64,1,20,500,0.0,0.0,4.2007,1019.08
5824814b68901229,dflash,bf16,fp8_e4m3,FLASHINFER,False,gsm8k,64,1,20,1000,0.0,0.0,4.2007,1019.08
5824814b68901229,dflash,bf16,fp8_e4m3,FLASHINFER,False,gsm8k,64,1,35,200,0.0,0.0,4.2007,1019.08
5824814b68901229,dflash,bf16,fp8_e4m3,FLASHINFER,False,gsm8k,64,1,35,500,0.0,0.0,4.2007,1019.08
5824814b68901229,dflash,bf16,fp8_e4m3,FLASHINFER,False,gsm8k,64,1,35,1000,0.0,0.0,4.2007,1019.08
5824814b68901229,dflash,bf16,fp8_e4m3,FLASHINFER,False,gsm8k,64,1,50,200,0.0,0.0,4.2007,1019.08
5824814b68901229,dflash,bf16,fp8_e4m3,FLASHINFER,False,gsm8k,64,1,50,500,0.0,0.0,4.2007,1019.08
5824814b68901229,dflash,bf16,fp8_e4m3,FLASHINFER,False,gsm8k,64,1,50,1000,0.0,0.0,4.2007,1019.08
5824814b68901229,dflash,bf16,fp8_e4m3,FLASHINFER,False,gsm8k,64,1,75,200,0.0,0.0,4.2007,1019.08
5824814b68901229,dflash,bf16,fp8_e4m3,FLASHINFER,False,gsm8k,64,1,75,500,0.0,0.0,4.2007,1019.08
5824814b68901229,dflash,bf16,fp8_e4m3,FLASHINFER,False,gsm8k,64,1,75,1000,0.0,0.0,4.2007,1019.08
5824814b68901229,dflash,bf16,fp8_e4m3,FLASHINFER,False,gsm8k,64,2,20,200,0.0,0.0,4.7598,1207.67
5824814b68901229,dflash,bf16,fp8_e4m3,FLASHINFER,False,gsm8k,64,2,20,500,0.0,0.0,4.7598,1207.67
5824814b68901229,dflash,bf16,fp8_e4m3,FLASHINFER,False,gsm8k,64,2,20,1000,0.0,0.0,4.7598,1207.67
5824814b68901229,dflash,bf16,fp8_e4m3,FLASHINFER,False,gsm8k,64,2,35,200,0.0,0.0,4.7598,1207.67
5824814b68901229,dflash,bf16,fp8_e4m3,FLASHINFER,False,gsm8k,64,2,35,500,0.0,0.0,4.7598,1207.67
5824814b68901229,dflash,bf16,fp8_e4m3,FLASHINFER,False,gsm8k,64,2,35,1000,0.0,0.0,4.7598,1207.67
5824814b68901229,dflash,bf16,fp8_e4m3,FLASHINFER,False,gsm8k,64,2,50,200,0.0,0.0,4.7598,1207.67
5824814b68901229,dflash,bf16,fp8_e4m3,FLASHINFER,False,gsm8k,64,2,50,500,0.0,0.0,4.7598,1207.67
5824814b68901229,dflash,bf16,fp8_e4m3,FLASHINFER,False,gsm8k,64,2,50,1000,0.0,0.0,4.7598,1207.67
5824814b68901229,dflash,bf16,fp8_e4m3,FLASHINFER,False,gsm8k,64,2,75,200,0.0,0.0,4.7598,1207.67
5824814b68901229,dflash,bf16,fp8_e4m3,FLASHINFER,False,gsm8k,64,2,75,500,0.0,0.0,4.7598,1207.67
5824814b68901229,dflash,bf16,fp8_e4m3,FLASHINFER,False,gsm8k,64,2,75,1000,0.0,0.0,4.7598,1207.67
aaeb804d4d2a584f,none,bf16,auto,FLASHINFER,False,gsm8k,1,1,20,200,0.0,0.0,0.1057,26.32
aaeb804d4d2a584f,none,bf16,auto,FLASHINFER,False,gsm8k,1,1,20,500,0.0,0.0,0.1057,26.32
aaeb804d4d2a584f,none,bf16,auto,FLASHINFER,False,gsm8k,1,1,20,1000,0.0,0.0,0.1057,26.32
aaeb804d4d2a584f,none,bf16,auto,FLASHINFER,False,gsm8k,1,1,35,200,0.0,0.0,0.1057,26.32
aaeb804d4d2a584f,none,bf16,auto,FLASHINFER,False,gsm8k,1,1,35,500,0.0,0.0,0.1057,26.32
aaeb804d4d2a584f,none,bf16,auto,FLASHINFER,False,gsm8k,1,1,35,1000,0.0,0.0,0.1057,26.32
aaeb804d4d2a584f,none,bf16,auto,FLASHINFER,False,gsm8k,1,1,50,200,0.0,0.0,0.1057,26.32
aaeb804d4d2a584f,none,bf16,auto,FLASHINFER,False,gsm8k,1,1,50,500,0.0,0.0,0.1057,26.32
aaeb804d4d2a584f,none,bf16,auto,FLASHINFER,False,gsm8k,1,1,50,1000,0.0,0.0,0.1057,26.32
aaeb804d4d2a584f,none,bf16,auto,FLASHINFER,False,gsm8k,1,1,75,200,0.0,0.0,0.1057,26.32
aaeb804d4d2a584f,none,bf16,auto,FLASHINFER,False,gsm8k,1,1,75,500,0.0,0.0,0.1057,26.32
aaeb804d4d2a584f,none,bf16,auto,FLASHINFER,False,gsm8k,1,1,75,1000,0.0,0.0,0.1057,26.32
aaeb804d4d2a584f,none,bf16,auto,FLASHINFER,False,gsm8k,1,2,20,200,0.0,0.0,0.1044,26.73
aaeb804d4d2a584f,none,bf16,auto,FLASHINFER,False,gsm8k,1,2,20,500,0.0,0.0,0.1044,26.73
aaeb804d4d2a584f,none,bf16,auto,FLASHINFER,False,gsm8k,1,2,20,1000,0.0,0.0,0.1044,26.73
aaeb804d4d2a584f,none,bf16,auto,FLASHINFER,False,gsm8k,1,2,35,200,0.0,0.0,0.1044,26.73
aaeb804d4d2a584f,none,bf16,auto,FLASHINFER,False,gsm8k,1,2,35,500,0.0,0.0,0.1044,26.73
aaeb804d4d2a584f,none,bf16,auto,FLASHINFER,False,gsm8k,1,2,35,1000,0.0,0.0,0.1044,26.73
aaeb804d4d2a584f,none,bf16,auto,FLASHINFER,False,gsm8k,1,2,50,200,0.0,0.0,0.1044,26.73
aaeb804d4d2a584f,none,bf16,auto,FLASHINFER,False,gsm8k,1,2,50,500,0.0,0.0,0.1044,26.73
aaeb804d4d2a584f,none,bf16,auto,FLASHINFER,False,gsm8k,1,2,50,1000,0.0,0.0,0.1044,26.73
aaeb804d4d2a584f,none,bf16,auto,FLASHINFER,False,gsm8k,1,2,75,200,0.0,0.0,0.1044,26.73
aaeb804d4d2a584f,none,bf16,auto,FLASHINFER,False,gsm8k,1,2,75,500,0.0,0.0,0.1044,26.73
aaeb804d4d2a584f,none,bf16,auto,FLASHINFER,False,gsm8k,1,2,75,1000,0.0,0.0,0.1044,26.73
aaeb804d4d2a584f,none,bf16,auto,FLASHINFER,False,gsm8k,4,0,20,200,0.0,0.0,0.2725,63.67
aaeb804d4d2a584f,none,bf16,auto,FLASHINFER,False,gsm8k,4,0,20,500,0.0,0.0,0.2725,63.67
aaeb804d4d2a584f,none,bf16,auto,FLASHINFER,False,gsm8k,4,0,20,1000,0.0,0.0,0.2725,63.67
aaeb804d4d2a584f,none,bf16,auto,FLASHINFER,False,gsm8k,4,0,35,200,0.0,0.0,0.2725,63.67
aaeb804d4d2a584f,none,bf16,auto,FLASHINFER,False,gsm8k,4,0,35,500,0.0,0.0,0.2725,63.67
aaeb804d4d2a584f,none,bf16,auto,FLASHINFER,False,gsm8k,4,0,35,1000,0.0,0.0,0.2725,63.67
aaeb804d4d2a584f,none,bf16,auto,FLASHINFER,False,gsm8k,4,0,50,200,0.0,0.0,0.2725,63.67
aaeb804d4d2a584f,none,bf16,auto,FLASHINFER,False,gsm8k,4,0,50,500,0.0,0.0,0.2725,63.67
aaeb804d4d2a584f,none,bf16,auto,FLASHINFER,False,gsm8k,4,0,50,1000,0.0,0.0,0.2725,63.67
aaeb804d4d2a584f,none,bf16,auto,FLASHINFER,False,gsm8k,4,0,75,200,0.0,0.0,0.2725,63.67
aaeb804d4d2a584f,none,bf16,auto,FLASHINFER,False,gsm8k,4,0,75,500,0.0,0.0,0.2725,63.67
aaeb804d4d2a584f,none,bf16,auto,FLASHINFER,False,gsm8k,4,0,75,1000,0.0,0.0,0.2725,63.67
aaeb804d4d2a584f,none,bf16,auto,FLASHINFER,False,gsm8k,4,1,20,200,0.0,0.0,0.3009,76.61
aaeb804d4d2a584f,none,bf16,auto,FLASHINFER,False,gsm8k,4,1,20,500,0.0,0.0,0.3009,76.61
aaeb804d4d2a584f,none,bf16,auto,FLASHINFER,False,gsm8k,4,1,20,1000,0.0,0.0,0.3009,76.61
aaeb804d4d2a584f,none,bf16,auto,FLASHINFER,False,gsm8k,4,1,35,200,0.0,0.0,0.3009,76.61
aaeb804d4d2a584f,none,bf16,auto,FLASHINFER,False,gsm8k,4,1,35,500,0.0,0.0,0.3009,76.61
aaeb804d4d2a584f,none,bf16,auto,FLASHINFER,False,gsm8k,4,1,35,1000,0.0,0.0,0.3009,76.61
aaeb804d4d2a584f,none,bf16,auto,FLASHINFER,False,gsm8k,4,1,50,200,0.0,0.0,0.3009,76.61
aaeb804d4d2a584f,none,bf16,auto,FLASHINFER,False,gsm8k,4,1,50,500,0.0,0.0,0.3009,76.61
aaeb804d4d2a584f,none,bf16,auto,FLASHINFER,False,gsm8k,4,1,50,1000,0.0,0.0,0.3009,76.61
aaeb804d4d2a584f,none,bf16,auto,FLASHINFER,False,gsm8k,4,1,75,200,0.0,0.0,0.3009,76.61
aaeb804d4d2a584f,none,bf16,auto,FLASHINFER,False,gsm8k,4,1,75,500,0.0,0.0,0.3009,76.61
aaeb804d4d2a584f,none,bf16,auto,FLASHINFER,False,gsm8k,4,1,75,1000,0.0,0.0,0.3009,76.61
aaeb804d4d2a584f,none,bf16,auto,FLASHINFER,False,gsm8k,4,2,20,200,0.0,0.0,0.2718,71.54
aaeb804d4d2a584f,none,bf16,auto,FLASHINFER,False,gsm8k,4,2,20,500,0.0,0.0,0.2718,71.54
aaeb804d4d2a584f,none,bf16,auto,FLASHINFER,False,gsm8k,4,2,20,1000,0.0,0.0,0.2718,71.54
aaeb804d4d2a584f,none,bf16,auto,FLASHINFER,False,gsm8k,4,2,35,200,0.0,0.0,0.2718,71.54
aaeb804d4d2a584f,none,bf16,auto,FLASHINFER,False,gsm8k,4,2,35,500,0.0,0.0,0.2718,71.54
aaeb804d4d2a584f,none,bf16,auto,FLASHINFER,False,gsm8k,4,2,35,1000,0.0,0.0,0.2718,71.54
aaeb804d4d2a584f,none,bf16,auto,FLASHINFER,False,gsm8k,4,2,50,200,0.0,0.0,0.2718,71.54
aaeb804d4d2a584f,none,bf16,auto,FLASHINFER,False,gsm8k,4,2,50,500,0.0,0.0,0.2718,71.54
aaeb804d4d2a584f,none,bf16,auto,FLASHINFER,False,gsm8k,4,2,50,1000,0.0,0.0,0.2718,71.54
aaeb804d4d2a584f,none,bf16,auto,FLASHINFER,False,gsm8k,4,2,75,200,0.0,0.0,0.2718,71.54
aaeb804d4d2a584f,none,bf16,auto,FLASHINFER,False,gsm8k,4,2,75,500,0.0,0.0,0.2718,71.54
aaeb804d4d2a584f,none,bf16,auto,FLASHINFER,False,gsm8k,4,2,75,1000,0.0,0.0,0.2718,71.54
aaeb804d4d2a584f,none,bf16,auto,FLASHINFER,False,gsm8k,16,1,20,200,0.0,0.0,1.0312,244.17
aaeb804d4d2a584f,none,bf16,auto,FLASHINFER,False,gsm8k,16,1,20,500,0.0,0.0,1.0312,244.17
aaeb804d4d2a584f,none,bf16,auto,FLASHINFER,False,gsm8k,16,1,20,1000,0.0,0.0,1.0312,244.17
aaeb804d4d2a584f,none,bf16,auto,FLASHINFER,False,gsm8k,16,1,35,200,0.0,0.0,1.0312,244.17
aaeb804d4d2a584f,none,bf16,auto,FLASHINFER,False,gsm8k,16,1,35,500,0.0,0.0,1.0312,244.17
aaeb804d4d2a584f,none,bf16,auto,FLASHINFER,False,gsm8k,16,1,35,1000,0.0,0.0,1.0312,244.17
aaeb804d4d2a584f,none,bf16,auto,FLASHINFER,False,gsm8k,16,1,50,200,0.0,0.0,1.0312,244.17
aaeb804d4d2a584f,none,bf16,auto,FLASHINFER,False,gsm8k,16,1,50,500,0.0,0.0,1.0312,244.17
aaeb804d4d2a584f,none,bf16,auto,FLASHINFER,False,gsm8k,16,1,50,1000,0.0,0.0,1.0312,244.17
aaeb804d4d2a584f,none,bf16,auto,FLASHINFER,False,gsm8k,16,1,75,200,0.0,0.0,1.0312,244.17
aaeb804d4d2a584f,none,bf16,auto,FLASHINFER,False,gsm8k,16,1,75,500,0.0,0.0,1.0312,244.17
aaeb804d4d2a584f,none,bf16,auto,FLASHINFER,False,gsm8k,16,1,75,1000,0.0,0.0,1.0312,244.17
aaeb804d4d2a584f,none,bf16,auto,FLASHINFER,False,gsm8k,16,2,20,200,0.0,0.0,0.9967,253.16
aaeb804d4d2a584f,none,bf16,auto,FLASHINFER,False,gsm8k,16,2,20,500,0.0,0.0,0.9967,253.16
aaeb804d4d2a584f,none,bf16,auto,FLASHINFER,False,gsm8k,16,2,20,1000,0.0,0.0,0.9967,253.16
aaeb804d4d2a584f,none,bf16,auto,FLASHINFER,False,gsm8k,16,2,35,200,0.0,0.0,0.9967,253.16
aaeb804d4d2a584f,none,bf16,auto,FLASHINFER,False,gsm8k,16,2,35,500,0.0,0.0,0.9967,253.16
aaeb804d4d2a584f,none,bf16,auto,FLASHINFER,False,gsm8k,16,2,35,1000,0.0,0.0,0.9967,253.16
aaeb804d4d2a584f,none,bf16,auto,FLASHINFER,False,gsm8k,16,2,50,200,0.0,0.0,0.9967,253.16
aaeb804d4d2a584f,none,bf16,auto,FLASHINFER,False,gsm8k,16,2,50,500,0.0,0.0,0.9967,253.16
aaeb804d4d2a584f,none,bf16,auto,FLASHINFER,False,gsm8k,16,2,50,1000,0.0,0.0,0.9967,253.16
aaeb804d4d2a584f,none,bf16,auto,FLASHINFER,False,gsm8k,16,2,75,200,0.0,0.0,0.9967,253.16
aaeb804d4d2a584f,none,bf16,auto,FLASHINFER,False,gsm8k,16,2,75,500,0.0,0.0,0.9967,253.16
aaeb804d4d2a584f,none,bf16,auto,FLASHINFER,False,gsm8k,16,2,75,1000,0.0,0.0,0.9967,253.16
aaeb804d4d2a584f,none,bf16,auto,FLASHINFER,False,gsm8k,64,0,20,200,0.0,0.0,2.8253,731.72
aaeb804d4d2a584f,none,bf16,auto,FLASHINFER,False,gsm8k,64,0,20,500,0.0,0.0,2.8253,731.72
aaeb804d4d2a584f,none,bf16,auto,FLASHINFER,False,gsm8k,64,0,20,1000,0.0,0.0,2.8253,731.72
aaeb804d4d2a584f,none,bf16,auto,FLASHINFER,False,gsm8k,64,0,35,200,0.0,0.0,2.8253,731.72
aaeb804d4d2a584f,none,bf16,auto,FLASHINFER,False,gsm8k,64,0,35,500,0.0,0.0,2.8253,731.72
aaeb804d4d2a584f,none,bf16,auto,FLASHINFER,False,gsm8k,64,0,35,1000,0.0,0.0,2.8253,731.72
aaeb804d4d2a584f,none,bf16,auto,FLASHINFER,False,gsm8k,64,0,50,200,0.0,0.0,2.8253,731.72
aaeb804d4d2a584f,none,bf16,auto,FLASHINFER,False,gsm8k,64,0,50,500,0.0,0.0,2.8253,731.72
aaeb804d4d2a584f,none,bf16,auto,FLASHINFER,False,gsm8k,64,0,50,1000,0.0,0.0,2.8253,731.72
aaeb804d4d2a584f,none,bf16,auto,FLASHINFER,False,gsm8k,64,0,75,200,0.0,0.0,2.8253,731.72
aaeb804d4d2a584f,none,bf16,auto,FLASHINFER,False,gsm8k,64,0,75,500,0.0,0.0,2.8253,731.72
aaeb804d4d2a584f,none,bf16,auto,FLASHINFER,False,gsm8k,64,0,75,1000,0.0,0.0,2.8253,731.72
aaeb804d4d2a584f,none,bf16,auto,FLASHINFER,False,gsm8k,64,1,20,200,0.0,0.0,2.7435,660.16
aaeb804d4d2a584f,none,bf16,auto,FLASHINFER,False,gsm8k,64,1,20,500,0.0,0.0,2.7435,660.16
aaeb804d4d2a584f,none,bf16,auto,FLASHINFER,False,gsm8k,64,1,20,1000,0.0,0.0,2.7435,660.16
aaeb804d4d2a584f,none,bf16,auto,FLASHINFER,False,gsm8k,64,1,35,200,0.0,0.0,2.7435,660.16
aaeb804d4d2a584f,none,bf16,auto,FLASHINFER,False,gsm8k,64,1,35,500,0.0,0.0,2.7435,660.16
aaeb804d4d2a584f,none,bf16,auto,FLASHINFER,False,gsm8k,64,1,35,1000,0.0,0.0,2.7435,660.16
aaeb804d4d2a584f,none,bf16,auto,FLASHINFER,False,gsm8k,64,1,50,200,0.0,0.0,2.7435,660.16
aaeb804d4d2a584f,none,bf16,auto,FLASHINFER,False,gsm8k,64,1,50,500,0.0,0.0,2.7435,660.16
aaeb804d4d2a584f,none,bf16,auto,FLASHINFER,False,gsm8k,64,1,50,1000,0.0,0.0,2.7435,660.16
aaeb804d4d2a584f,none,bf16,auto,FLASHINFER,False,gsm8k,64,1,75,200,0.0,0.0,2.7435,660.16
aaeb804d4d2a584f,none,bf16,auto,FLASHINFER,False,gsm8k,64,1,75,500,0.0,0.0,2.7435,660.16
aaeb804d4d2a584f,none,bf16,auto,FLASHINFER,False,gsm8k,64,1,75,1000,0.0,0.0,2.7435,660.16
aaeb804d4d2a584f,none,bf16,auto,FLASHINFER,False,gsm8k,64,2,20,200,0.0,0.0,2.8717,728.72
aaeb804d4d2a584f,none,bf16,auto,FLASHINFER,False,gsm8k,64,2,20,500,0.0,0.0,2.8717,728.72
aaeb804d4d2a584f,none,bf16,auto,FLASHINFER,False,gsm8k,64,2,20,1000,0.0,0.0,2.8717,728.72
aaeb804d4d2a584f,none,bf16,auto,FLASHINFER,False,gsm8k,64,2,35,200,0.0,0.0,2.8717,728.72
aaeb804d4d2a584f,none,bf16,auto,FLASHINFER,False,gsm8k,64,2,35,500,0.0,0.0,2.8717,728.72
aaeb804d4d2a584f,none,bf16,auto,FLASHINFER,False,gsm8k,64,2,35,1000,0.0,0.0,2.8717,728.72
aaeb804d4d2a584f,none,bf16,auto,FLASHINFER,False,gsm8k,64,2,50,200,0.0,0.0,2.8717,728.72
aaeb804d4d2a584f,none,bf16,auto,FLASHINFER,False,gsm8k,64,2,50,500,0.0,0.0,2.8717,728.72
aaeb804d4d2a584f,none,bf16,auto,FLASHINFER,False,gsm8k,64,2,50,1000,0.0,0.0,2.8717,728.72
aaeb804d4d2a584f,none,bf16,auto,FLASHINFER,False,gsm8k,64,2,75,200,0.0,0.0,2.8717,728.72
aaeb804d4d2a584f,none,bf16,auto,FLASHINFER,False,gsm8k,64,2,75,500,0.0,0.0,2.8717,728.72
aaeb804d4d2a584f,none,bf16,auto,FLASHINFER,False,gsm8k,64,2,75,1000,0.0,0.0,2.8717,728.72
b6d238cffb8de674,dflash,fp8,auto,FLASHINFER,False,gsm8k,1,0,20,200,0.0,0.0,0.4132,100.91
b6d238cffb8de674,dflash,fp8,auto,FLASHINFER,False,gsm8k,1,0,20,500,0.0,0.0,0.4132,100.91
b6d238cffb8de674,dflash,fp8,auto,FLASHINFER,False,gsm8k,1,0,20,1000,0.0,0.0,0.4132,100.91
b6d238cffb8de674,dflash,fp8,auto,FLASHINFER,False,gsm8k,1,0,35,200,0.0,0.0,0.4132,100.91
b6d238cffb8de674,dflash,fp8,auto,FLASHINFER,False,gsm8k,1,0,35,500,0.0,0.0,0.4132,100.91
b6d238cffb8de674,dflash,fp8,auto,FLASHINFER,False,gsm8k,1,0,35,1000,0.0,0.0,0.4132,100.91
b6d238cffb8de674,dflash,fp8,auto,FLASHINFER,False,gsm8k,1,0,50,200,0.0,0.0,0.4132,100.91
b6d238cffb8de674,dflash,fp8,auto,FLASHINFER,False,gsm8k,1,0,50,500,0.0,0.0,0.4132,100.91
b6d238cffb8de674,dflash,fp8,auto,FLASHINFER,False,gsm8k,1,0,50,1000,0.0,0.0,0.4132,100.91
b6d238cffb8de674,dflash,fp8,auto,FLASHINFER,False,gsm8k,1,0,75,200,0.0,0.0,0.4132,100.91
b6d238cffb8de674,dflash,fp8,auto,FLASHINFER,False,gsm8k,1,0,75,500,0.0,0.0,0.4132,100.91
b6d238cffb8de674,dflash,fp8,auto,FLASHINFER,False,gsm8k,1,0,75,1000,0.0,0.0,0.4132,100.91
b6d238cffb8de674,dflash,fp8,auto,FLASHINFER,False,gsm8k,1,1,20,200,0.0,0.0,0.4598,116.77
b6d238cffb8de674,dflash,fp8,auto,FLASHINFER,False,gsm8k,1,1,20,500,0.0,0.0,0.4598,116.77
b6d238cffb8de674,dflash,fp8,auto,FLASHINFER,False,gsm8k,1,1,20,1000,0.0,0.0,0.4598,116.77
b6d238cffb8de674,dflash,fp8,auto,FLASHINFER,False,gsm8k,1,1,35,200,0.0,0.0,0.4598,116.77
b6d238cffb8de674,dflash,fp8,auto,FLASHINFER,False,gsm8k,1,1,35,500,0.0,0.0,0.4598,116.77
b6d238cffb8de674,dflash,fp8,auto,FLASHINFER,False,gsm8k,1,1,35,1000,0.0,0.0,0.4598,116.77
b6d238cffb8de674,dflash,fp8,auto,FLASHINFER,False,gsm8k,1,1,50,200,0.0,0.0,0.4598,116.77
b6d238cffb8de674,dflash,fp8,auto,FLASHINFER,False,gsm8k,1,1,50,500,0.0,0.0,0.4598,116.77
b6d238cffb8de674,dflash,fp8,auto,FLASHINFER,False,gsm8k,1,1,50,1000,0.0,0.0,0.4598,116.77
b6d238cffb8de674,dflash,fp8,auto,FLASHINFER,False,gsm8k,1,1,75,200,0.0,0.0,0.4598,116.77
b6d238cffb8de674,dflash,fp8,auto,FLASHINFER,False,gsm8k,1,1,75,500,0.0,0.0,0.4598,116.77
b6d238cffb8de674,dflash,fp8,auto,FLASHINFER,False,gsm8k,1,1,75,1000,0.0,0.0,0.4598,116.77
b6d238cffb8de674,dflash,fp8,auto,FLASHINFER,False,gsm8k,1,2,20,200,0.0,0.0,0.4133,111.2
b6d238cffb8de674,dflash,fp8,auto,FLASHINFER,False,gsm8k,1,2,20,500,0.0,0.0,0.4133,111.2
b6d238cffb8de674,dflash,fp8,auto,FLASHINFER,False,gsm8k,1,2,20,1000,0.0,0.0,0.4133,111.2
b6d238cffb8de674,dflash,fp8,auto,FLASHINFER,False,gsm8k,1,2,35,200,0.0,0.0,0.4133,111.2
b6d238cffb8de674,dflash,fp8,auto,FLASHINFER,False,gsm8k,1,2,35,500,0.0,0.0,0.4133,111.2
b6d238cffb8de674,dflash,fp8,auto,FLASHINFER,False,gsm8k,1,2,35,1000,0.0,0.0,0.4133,111.2
b6d238cffb8de674,dflash,fp8,auto,FLASHINFER,False,gsm8k,1,2,50,200,0.0,0.0,0.4133,111.2
b6d238cffb8de674,dflash,fp8,auto,FLASHINFER,False,gsm8k,1,2,50,500,0.0,0.0,0.4133,111.2
b6d238cffb8de674,dflash,fp8,auto,FLASHINFER,False,gsm8k,1,2,50,1000,0.0,0.0,0.4133,111.2
b6d238cffb8de674,dflash,fp8,auto,FLASHINFER,False,gsm8k,1,2,75,200,0.0,0.0,0.4133,111.2
b6d238cffb8de674,dflash,fp8,auto,FLASHINFER,False,gsm8k,1,2,75,500,0.0,0.0,0.4133,111.2
b6d238cffb8de674,dflash,fp8,auto,FLASHINFER,False,gsm8k,1,2,75,1000,0.0,0.0,0.4133,111.2
b6d238cffb8de674,dflash,fp8,auto,FLASHINFER,False,gsm8k,4,0,20,200,0.0,0.0,1.0915,263.66
b6d238cffb8de674,dflash,fp8,auto,FLASHINFER,False,gsm8k,4,0,20,500,0.0,0.0,1.0915,263.66
b6d238cffb8de674,dflash,fp8,auto,FLASHINFER,False,gsm8k,4,0,20,1000,0.0,0.0,1.0915,263.66
b6d238cffb8de674,dflash,fp8,auto,FLASHINFER,False,gsm8k,4,0,35,200,0.0,0.0,1.0915,263.66
b6d238cffb8de674,dflash,fp8,auto,FLASHINFER,False,gsm8k,4,0,35,500,0.0,0.0,1.0915,263.66
b6d238cffb8de674,dflash,fp8,auto,FLASHINFER,False,gsm8k,4,0,35,1000,0.0,0.0,1.0915,263.66
b6d238cffb8de674,dflash,fp8,auto,FLASHINFER,False,gsm8k,4,0,50,200,0.0,0.0,1.0915,263.66
b6d238cffb8de674,dflash,fp8,auto,FLASHINFER,False,gsm8k,4,0,50,500,0.0,0.0,1.0915,263.66
b6d238cffb8de674,dflash,fp8,auto,FLASHINFER,False,gsm8k,4,0,50,1000,0.0,0.0,1.0915,263.66
b6d238cffb8de674,dflash,fp8,auto,FLASHINFER,False,gsm8k,4,0,75,200,0.0,0.0,1.0915,263.66
b6d238cffb8de674,dflash,fp8,auto,FLASHINFER,False,gsm8k,4,0,75,500,0.0,0.0,1.0915,263.66
b6d238cffb8de674,dflash,fp8,auto,FLASHINFER,False,gsm8k,4,0,75,1000,0.0,0.0,1.0915,263.66
b6d238cffb8de674,dflash,fp8,auto,FLASHINFER,False,gsm8k,4,1,20,200,0.0,0.0,1.309,333.21
b6d238cffb8de674,dflash,fp8,auto,FLASHINFER,False,gsm8k,4,1,20,500,0.0,0.0,1.309,333.21
b6d238cffb8de674,dflash,fp8,auto,FLASHINFER,False,gsm8k,4,1,20,1000,0.0,0.0,1.309,333.21
b6d238cffb8de674,dflash,fp8,auto,FLASHINFER,False,gsm8k,4,1,35,200,0.0,0.0,1.309,333.21
b6d238cffb8de674,dflash,fp8,auto,FLASHINFER,False,gsm8k,4,1,35,500,0.0,0.0,1.309,333.21
b6d238cffb8de674,dflash,fp8,auto,FLASHINFER,False,gsm8k,4,1,35,1000,0.0,0.0,1.309,333.21
b6d238cffb8de674,dflash,fp8,auto,FLASHINFER,False,gsm8k,4,1,50,200,0.0,0.0,1.309,333.21
b6d238cffb8de674,dflash,fp8,auto,FLASHINFER,False,gsm8k,4,1,50,500,0.0,0.0,1.309,333.21
b6d238cffb8de674,dflash,fp8,auto,FLASHINFER,False,gsm8k,4,1,50,1000,0.0,0.0,1.309,333.21
b6d238cffb8de674,dflash,fp8,auto,FLASHINFER,False,gsm8k,4,1,75,200,0.0,0.0,1.309,333.21
b6d238cffb8de674,dflash,fp8,auto,FLASHINFER,False,gsm8k,4,1,75,500,0.0,0.0,1.309,333.21
b6d238cffb8de674,dflash,fp8,auto,FLASHINFER,False,gsm8k,4,1,75,1000,0.0,0.0,1.309,333.21
b6d238cffb8de674,dflash,fp8,auto,FLASHINFER,False,gsm8k,4,2,20,200,0.0,0.0,1.1178,304.25
b6d238cffb8de674,dflash,fp8,auto,FLASHINFER,False,gsm8k,4,2,20,500,0.0,0.0,1.1178,304.25
b6d238cffb8de674,dflash,fp8,auto,FLASHINFER,False,gsm8k,4,2,20,1000,0.0,0.0,1.1178,304.25
b6d238cffb8de674,dflash,fp8,auto,FLASHINFER,False,gsm8k,4,2,35,200,0.0,0.0,1.1178,304.25
b6d238cffb8de674,dflash,fp8,auto,FLASHINFER,False,gsm8k,4,2,35,500,0.0,0.0,1.1178,304.25
b6d238cffb8de674,dflash,fp8,auto,FLASHINFER,False,gsm8k,4,2,35,1000,0.0,0.0,1.1178,304.25
b6d238cffb8de674,dflash,fp8,auto,FLASHINFER,False,gsm8k,4,2,50,200,0.0,0.0,1.1178,304.25
b6d238cffb8de674,dflash,fp8,auto,FLASHINFER,False,gsm8k,4,2,50,500,0.0,0.0,1.1178,304.25
b6d238cffb8de674,dflash,fp8,auto,FLASHINFER,False,gsm8k,4,2,50,1000,0.0,0.0,1.1178,304.25
b6d238cffb8de674,dflash,fp8,auto,FLASHINFER,False,gsm8k,4,2,75,200,0.0,0.0,1.1178,304.25
b6d238cffb8de674,dflash,fp8,auto,FLASHINFER,False,gsm8k,4,2,75,500,0.0,0.0,1.1178,304.25
b6d238cffb8de674,dflash,fp8,auto,FLASHINFER,False,gsm8k,4,2,75,1000,0.0,0.0,1.1178,304.25
b6d238cffb8de674,dflash,fp8,auto,FLASHINFER,False,gsm8k,16,0,20,200,0.0,0.0,4.0032,1066.03
b6d238cffb8de674,dflash,fp8,auto,FLASHINFER,False,gsm8k,16,0,20,500,0.0,0.0,4.0032,1066.03
b6d238cffb8de674,dflash,fp8,auto,FLASHINFER,False,gsm8k,16,0,20,1000,0.0,0.0,4.0032,1066.03
b6d238cffb8de674,dflash,fp8,auto,FLASHINFER,False,gsm8k,16,0,35,200,0.0,0.0,4.0032,1066.03
b6d238cffb8de674,dflash,fp8,auto,FLASHINFER,False,gsm8k,16,0,35,500,0.0,0.0,4.0032,1066.03
b6d238cffb8de674,dflash,fp8,auto,FLASHINFER,False,gsm8k,16,0,35,1000,0.0,0.0,4.0032,1066.03
b6d238cffb8de674,dflash,fp8,auto,FLASHINFER,False,gsm8k,16,0,50,200,0.0,0.0,4.0032,1066.03
b6d238cffb8de674,dflash,fp8,auto,FLASHINFER,False,gsm8k,16,0,50,500,0.0,0.0,4.0032,1066.03
b6d238cffb8de674,dflash,fp8,auto,FLASHINFER,False,gsm8k,16,0,50,1000,0.0,0.0,4.0032,1066.03
b6d238cffb8de674,dflash,fp8,auto,FLASHINFER,False,gsm8k,16,0,75,200,0.0,0.0,4.0032,1066.03
b6d238cffb8de674,dflash,fp8,auto,FLASHINFER,False,gsm8k,16,0,75,500,0.0,0.0,4.0032,1066.03
b6d238cffb8de674,dflash,fp8,auto,FLASHINFER,False,gsm8k,16,0,75,1000,0.0,0.0,4.0032,1066.03
b6d238cffb8de674,dflash,fp8,auto,FLASHINFER,False,gsm8k,16,1,20,200,0.0,0.0,4.1074,1023.05
b6d238cffb8de674,dflash,fp8,auto,FLASHINFER,False,gsm8k,16,1,20,500,0.0,0.0,4.1074,1023.05
b6d238cffb8de674,dflash,fp8,auto,FLASHINFER,False,gsm8k,16,1,20,1000,0.0,0.0,4.1074,1023.05
b6d238cffb8de674,dflash,fp8,auto,FLASHINFER,False,gsm8k,16,1,35,200,0.0,0.0,4.1074,1023.05
b6d238cffb8de674,dflash,fp8,auto,FLASHINFER,False,gsm8k,16,1,35,500,0.0,0.0,4.1074,1023.05
b6d238cffb8de674,dflash,fp8,auto,FLASHINFER,False,gsm8k,16,1,35,1000,0.0,0.0,4.1074,1023.05
b6d238cffb8de674,dflash,fp8,auto,FLASHINFER,False,gsm8k,16,1,50,200,0.0,0.0,4.1074,1023.05
b6d238cffb8de674,dflash,fp8,auto,FLASHINFER,False,gsm8k,16,1,50,500,0.0,0.0,4.1074,1023.05
b6d238cffb8de674,dflash,fp8,auto,FLASHINFER,False,gsm8k,16,1,50,1000,0.0,0.0,4.1074,1023.05
b6d238cffb8de674,dflash,fp8,auto,FLASHINFER,False,gsm8k,16,1,75,200,0.0,0.0,4.1074,1023.05
b6d238cffb8de674,dflash,fp8,auto,FLASHINFER,False,gsm8k,16,1,75,500,0.0,0.0,4.1074,1023.05
b6d238cffb8de674,dflash,fp8,auto,FLASHINFER,False,gsm8k,16,1,75,1000,0.0,0.0,4.1074,1023.05
b6d238cffb8de674,dflash,fp8,auto,FLASHINFER,False,gsm8k,16,2,20,200,0.0,0.0,3.8828,1008.5
b6d238cffb8de674,dflash,fp8,auto,FLASHINFER,False,gsm8k,16,2,20,500,0.0,0.0,3.8828,1008.5
b6d238cffb8de674,dflash,fp8,auto,FLASHINFER,False,gsm8k,16,2,20,1000,0.0,0.0,3.8828,1008.5
b6d238cffb8de674,dflash,fp8,auto,FLASHINFER,False,gsm8k,16,2,35,200,0.0,0.0,3.8828,1008.5
b6d238cffb8de674,dflash,fp8,auto,FLASHINFER,False,gsm8k,16,2,35,500,0.0,0.0,3.8828,1008.5
b6d238cffb8de674,dflash,fp8,auto,FLASHINFER,False,gsm8k,16,2,35,1000,0.0,0.0,3.8828,1008.5
b6d238cffb8de674,dflash,fp8,auto,FLASHINFER,False,gsm8k,16,2,50,200,0.0,0.0,3.8828,1008.5
b6d238cffb8de674,dflash,fp8,auto,FLASHINFER,False,gsm8k,16,2,50,500,0.0,0.0,3.8828,1008.5
b6d238cffb8de674,dflash,fp8,auto,FLASHINFER,False,gsm8k,16,2,50,1000,0.0,0.0,3.8828,1008.5
b6d238cffb8de674,dflash,fp8,auto,FLASHINFER,False,gsm8k,16,2,75,200,0.0,0.0,3.8828,1008.5
b6d238cffb8de674,dflash,fp8,auto,FLASHINFER,False,gsm8k,16,2,75,500,0.0,0.0,3.8828,1008.5
b6d238cffb8de674,dflash,fp8,auto,FLASHINFER,False,gsm8k,16,2,75,1000,0.0,0.0,3.8828,1008.5
b6d238cffb8de674,dflash,fp8,auto,FLASHINFER,False,gsm8k,64,0,20,200,0.0,0.0,8.2482,2176.57
b6d238cffb8de674,dflash,fp8,auto,FLASHINFER,False,gsm8k,64,0,20,500,0.0,0.0,8.2482,2176.57
b6d238cffb8de674,dflash,fp8,auto,FLASHINFER,False,gsm8k,64,0,20,1000,0.0,0.0,8.2482,2176.57
b6d238cffb8de674,dflash,fp8,auto,FLASHINFER,False,gsm8k,64,0,35,200,0.0,0.0,8.2482,2176.57
b6d238cffb8de674,dflash,fp8,auto,FLASHINFER,False,gsm8k,64,0,35,500,0.0,0.0,8.2482,2176.57
b6d238cffb8de674,dflash,fp8,auto,FLASHINFER,False,gsm8k,64,0,35,1000,0.0,0.0,8.2482,2176.57
b6d238cffb8de674,dflash,fp8,auto,FLASHINFER,False,gsm8k,64,0,50,200,0.0,0.0,8.2482,2176.57
b6d238cffb8de674,dflash,fp8,auto,FLASHINFER,False,gsm8k,64,0,50,500,0.0,0.0,8.2482,2176.57
b6d238cffb8de674,dflash,fp8,auto,FLASHINFER,False,gsm8k,64,0,50,1000,0.0,0.0,8.2482,2176.57
b6d238cffb8de674,dflash,fp8,auto,FLASHINFER,False,gsm8k,64,0,75,200,0.0,0.0,8.2482,2176.57
b6d238cffb8de674,dflash,fp8,auto,FLASHINFER,False,gsm8k,64,0,75,500,0.0,0.0,8.2482,2176.57
b6d238cffb8de674,dflash,fp8,auto,FLASHINFER,False,gsm8k,64,0,75,1000,0.0,0.0,8.2482,2176.57
b6d238cffb8de674,dflash,fp8,auto,FLASHINFER,False,gsm8k,64,1,20,200,0.0,0.0,8.1243,1982.52
b6d238cffb8de674,dflash,fp8,auto,FLASHINFER,False,gsm8k,64,1,20,500,0.0,0.0,8.1243,1982.52
b6d238cffb8de674,dflash,fp8,auto,FLASHINFER,False,gsm8k,64,1,20,1000,0.0,0.0,8.1243,1982.52
b6d238cffb8de674,dflash,fp8,auto,FLASHINFER,False,gsm8k,64,1,35,200,0.0,0.0,8.1243,1982.52
b6d238cffb8de674,dflash,fp8,auto,FLASHINFER,False,gsm8k,64,1,35,500,0.0,0.0,8.1243,1982.52
b6d238cffb8de674,dflash,fp8,auto,FLASHINFER,False,gsm8k,64,1,35,1000,0.0,0.0,8.1243,1982.52
b6d238cffb8de674,dflash,fp8,auto,FLASHINFER,False,gsm8k,64,1,50,200,0.0,0.0,8.1243,1982.52
b6d238cffb8de674,dflash,fp8,auto,FLASHINFER,False,gsm8k,64,1,50,500,0.0,0.0,8.1243,1982.52
b6d238cffb8de674,dflash,fp8,auto,FLASHINFER,False,gsm8k,64,1,50,1000,0.0,0.0,8.1243,1982.52
b6d238cffb8de674,dflash,fp8,auto,FLASHINFER,False,gsm8k,64,1,75,200,0.0,0.0,8.1243,1982.52
b6d238cffb8de674,dflash,fp8,auto,FLASHINFER,False,gsm8k,64,1,75,500,0.0,0.0,8.1243,1982.52
b6d238cffb8de674,dflash,fp8,auto,FLASHINFER,False,gsm8k,64,1,75,1000,0.0,0.0,8.1243,1982.52
b6d238cffb8de674,dflash,fp8,auto,FLASHINFER,False,gsm8k,64,2,20,200,0.0,0.0,8.2963,2136.57
b6d238cffb8de674,dflash,fp8,auto,FLASHINFER,False,gsm8k,64,2,20,500,0.0,0.0,8.2963,2136.57
b6d238cffb8de674,dflash,fp8,auto,FLASHINFER,False,gsm8k,64,2,20,1000,0.0,0.0,8.2963,2136.57
b6d238cffb8de674,dflash,fp8,auto,FLASHINFER,False,gsm8k,64,2,35,200,0.0,0.0,8.2963,2136.57
b6d238cffb8de674,dflash,fp8,auto,FLASHINFER,False,gsm8k,64,2,35,500,0.0,0.0,8.2963,2136.57
b6d238cffb8de674,dflash,fp8,auto,FLASHINFER,False,gsm8k,64,2,35,1000,0.0,0.0,8.2963,2136.57
b6d238cffb8de674,dflash,fp8,auto,FLASHINFER,False,gsm8k,64,2,50,200,0.0,0.0,8.2963,2136.57
b6d238cffb8de674,dflash,fp8,auto,FLASHINFER,False,gsm8k,64,2,50,500,0.0,0.0,8.2963,2136.57
b6d238cffb8de674,dflash,fp8,auto,FLASHINFER,False,gsm8k,64,2,50,1000,0.0,0.0,8.2963,2136.57
b6d238cffb8de674,dflash,fp8,auto,FLASHINFER,False,gsm8k,64,2,75,200,0.0,0.0,8.2963,2136.57
b6d238cffb8de674,dflash,fp8,auto,FLASHINFER,False,gsm8k,64,2,75,500,0.0,0.0,8.2963,2136.57
b6d238cffb8de674,dflash,fp8,auto,FLASHINFER,False,gsm8k,64,2,75,1000,0.0,0.0,8.2963,2136.57
c6519fb025e64635,dflash,bf16,auto,FLASHINFER,False,gsm8k,1,1,20,200,0.0,0.0,0.1138,28.41
c6519fb025e64635,dflash,bf16,auto,FLASHINFER,False,gsm8k,1,1,20,500,0.0,0.0,0.1138,28.41
c6519fb025e64635,dflash,bf16,auto,FLASHINFER,False,gsm8k,1,1,20,1000,0.0,0.0,0.1138,28.41
c6519fb025e64635,dflash,bf16,auto,FLASHINFER,False,gsm8k,1,1,35,200,0.0,0.0,0.1138,28.41
c6519fb025e64635,dflash,bf16,auto,FLASHINFER,False,gsm8k,1,1,35,500,0.0,0.0,0.1138,28.41
c6519fb025e64635,dflash,bf16,auto,FLASHINFER,False,gsm8k,1,1,35,1000,0.0,0.0,0.1138,28.41
c6519fb025e64635,dflash,bf16,auto,FLASHINFER,False,gsm8k,1,1,50,200,0.0,0.0,0.1138,28.41
c6519fb025e64635,dflash,bf16,auto,FLASHINFER,False,gsm8k,1,1,50,500,0.0,0.0,0.1138,28.41
c6519fb025e64635,dflash,bf16,auto,FLASHINFER,False,gsm8k,1,1,50,1000,0.0,0.0,0.1138,28.41
c6519fb025e64635,dflash,bf16,auto,FLASHINFER,False,gsm8k,1,1,75,200,0.0,0.0,0.1138,28.41
c6519fb025e64635,dflash,bf16,auto,FLASHINFER,False,gsm8k,1,1,75,500,0.0,0.0,0.1138,28.41
c6519fb025e64635,dflash,bf16,auto,FLASHINFER,False,gsm8k,1,1,75,1000,0.0,0.0,0.1138,28.41
c6519fb025e64635,dflash,bf16,auto,FLASHINFER,False,gsm8k,1,2,20,200,0.0,0.0,0.1255,33.24
c6519fb025e64635,dflash,bf16,auto,FLASHINFER,False,gsm8k,1,2,20,500,0.0,0.0,0.1255,33.24
c6519fb025e64635,dflash,bf16,auto,FLASHINFER,False,gsm8k,1,2,20,1000,0.0,0.0,0.1255,33.24
c6519fb025e64635,dflash,bf16,auto,FLASHINFER,False,gsm8k,1,2,35,200,0.0,0.0,0.1255,33.24
c6519fb025e64635,dflash,bf16,auto,FLASHINFER,False,gsm8k,1,2,35,500,0.0,0.0,0.1255,33.24
c6519fb025e64635,dflash,bf16,auto,FLASHINFER,False,gsm8k,1,2,35,1000,0.0,0.0,0.1255,33.24
c6519fb025e64635,dflash,bf16,auto,FLASHINFER,False,gsm8k,1,2,50,200,0.0,0.0,0.1255,33.24
c6519fb025e64635,dflash,bf16,auto,FLASHINFER,False,gsm8k,1,2,50,500,0.0,0.0,0.1255,33.24
c6519fb025e64635,dflash,bf16,auto,FLASHINFER,False,gsm8k,1,2,50,1000,0.0,0.0,0.1255,33.24
c6519fb025e64635,dflash,bf16,auto,FLASHINFER,False,gsm8k,1,2,75,200,0.0,0.0,0.1255,33.24
c6519fb025e64635,dflash,bf16,auto,FLASHINFER,False,gsm8k,1,2,75,500,0.0,0.0,0.1255,33.24
c6519fb025e64635,dflash,bf16,auto,FLASHINFER,False,gsm8k,1,2,75,1000,0.0,0.0,0.1255,33.24
c6519fb025e64635,dflash,bf16,auto,FLASHINFER,False,gsm8k,4,0,20,200,0.0,0.0,0.5897,135.42
c6519fb025e64635,dflash,bf16,auto,FLASHINFER,False,gsm8k,4,0,20,500,0.0,0.0,0.5897,135.42
c6519fb025e64635,dflash,bf16,auto,FLASHINFER,False,gsm8k,4,0,20,1000,0.0,0.0,0.5897,135.42
c6519fb025e64635,dflash,bf16,auto,FLASHINFER,False,gsm8k,4,0,35,200,0.0,0.0,0.5897,135.42
c6519fb025e64635,dflash,bf16,auto,FLASHINFER,False,gsm8k,4,0,35,500,0.0,0.0,0.5897,135.42
c6519fb025e64635,dflash,bf16,auto,FLASHINFER,False,gsm8k,4,0,35,1000,0.0,0.0,0.5897,135.42
c6519fb025e64635,dflash,bf16,auto,FLASHINFER,False,gsm8k,4,0,50,200,0.0,0.0,0.5897,135.42
c6519fb025e64635,dflash,bf16,auto,FLASHINFER,False,gsm8k,4,0,50,500,0.0,0.0,0.5897,135.42
c6519fb025e64635,dflash,bf16,auto,FLASHINFER,False,gsm8k,4,0,50,1000,0.0,0.0,0.5897,135.42
c6519fb025e64635,dflash,bf16,auto,FLASHINFER,False,gsm8k,4,0,75,200,0.0,0.0,0.5897,135.42
c6519fb025e64635,dflash,bf16,auto,FLASHINFER,False,gsm8k,4,0,75,500,0.0,0.0,0.5897,135.42
c6519fb025e64635,dflash,bf16,auto,FLASHINFER,False,gsm8k,4,0,75,1000,0.0,0.0,0.5897,135.42
c6519fb025e64635,dflash,bf16,auto,FLASHINFER,False,gsm8k,4,1,20,200,0.0,0.0,0.3671,91.44
c6519fb025e64635,dflash,bf16,auto,FLASHINFER,False,gsm8k,4,1,20,500,0.0,0.0,0.3671,91.44
c6519fb025e64635,dflash,bf16,auto,FLASHINFER,False,gsm8k,4,1,20,1000,0.0,0.0,0.3671,91.44
c6519fb025e64635,dflash,bf16,auto,FLASHINFER,False,gsm8k,4,1,35,200,0.0,0.0,0.3671,91.44
c6519fb025e64635,dflash,bf16,auto,FLASHINFER,False,gsm8k,4,1,35,500,0.0,0.0,0.3671,91.44
c6519fb025e64635,dflash,bf16,auto,FLASHINFER,False,gsm8k,4,1,35,1000,0.0,0.0,0.3671,91.44
c6519fb025e64635,dflash,bf16,auto,FLASHINFER,False,gsm8k,4,1,50,200,0.0,0.0,0.3671,91.44
c6519fb025e64635,dflash,bf16,auto,FLASHINFER,False,gsm8k,4,1,50,500,0.0,0.0,0.3671,91.44
c6519fb025e64635,dflash,bf16,auto,FLASHINFER,False,gsm8k,4,1,50,1000,0.0,0.0,0.3671,91.44
c6519fb025e64635,dflash,bf16,auto,FLASHINFER,False,gsm8k,4,1,75,200,0.0,0.0,0.3671,91.44
c6519fb025e64635,dflash,bf16,auto,FLASHINFER,False,gsm8k,4,1,75,500,0.0,0.0,0.3671,91.44
c6519fb025e64635,dflash,bf16,auto,FLASHINFER,False,gsm8k,4,1,75,1000,0.0,0.0,0.3671,91.44
c6519fb025e64635,dflash,bf16,auto,FLASHINFER,False,gsm8k,4,2,20,200,0.0,0.0,0.2873,72.77
c6519fb025e64635,dflash,bf16,auto,FLASHINFER,False,gsm8k,4,2,20,500,0.0,0.0,0.2873,72.77
c6519fb025e64635,dflash,bf16,auto,FLASHINFER,False,gsm8k,4,2,20,1000,0.0,0.0,0.2873,72.77
c6519fb025e64635,dflash,bf16,auto,FLASHINFER,False,gsm8k,4,2,35,200,0.0,0.0,0.2873,72.77
c6519fb025e64635,dflash,bf16,auto,FLASHINFER,False,gsm8k,4,2,35,500,0.0,0.0,0.2873,72.77
c6519fb025e64635,dflash,bf16,auto,FLASHINFER,False,gsm8k,4,2,35,1000,0.0,0.0,0.2873,72.77
c6519fb025e64635,dflash,bf16,auto,FLASHINFER,False,gsm8k,4,2,50,200,0.0,0.0,0.2873,72.77
c6519fb025e64635,dflash,bf16,auto,FLASHINFER,False,gsm8k,4,2,50,500,0.0,0.0,0.2873,72.77
c6519fb025e64635,dflash,bf16,auto,FLASHINFER,False,gsm8k,4,2,50,1000,0.0,0.0,0.2873,72.77
c6519fb025e64635,dflash,bf16,auto,FLASHINFER,False,gsm8k,4,2,75,200,0.0,0.0,0.2873,72.77
c6519fb025e64635,dflash,bf16,auto,FLASHINFER,False,gsm8k,4,2,75,500,0.0,0.0,0.2873,72.77
c6519fb025e64635,dflash,bf16,auto,FLASHINFER,False,gsm8k,4,2,75,1000,0.0,0.0,0.2873,72.77
c6519fb025e64635,dflash,bf16,auto,FLASHINFER,False,gsm8k,16,1,20,200,0.0,0.0,1.8289,435.97
c6519fb025e64635,dflash,bf16,auto,FLASHINFER,False,gsm8k,16,1,20,500,0.0,0.0,1.8289,435.97
c6519fb025e64635,dflash,bf16,auto,FLASHINFER,False,gsm8k,16,1,20,1000,0.0,0.0,1.8289,435.97
c6519fb025e64635,dflash,bf16,auto,FLASHINFER,False,gsm8k,16,1,35,200,0.0,0.0,1.8289,435.97
c6519fb025e64635,dflash,bf16,auto,FLASHINFER,False,gsm8k,16,1,35,500,0.0,0.0,1.8289,435.97
c6519fb025e64635,dflash,bf16,auto,FLASHINFER,False,gsm8k,16,1,35,1000,0.0,0.0,1.8289,435.97
c6519fb025e64635,dflash,bf16,auto,FLASHINFER,False,gsm8k,16,1,50,200,0.0,0.0,1.8289,435.97
c6519fb025e64635,dflash,bf16,auto,FLASHINFER,False,gsm8k,16,1,50,500,0.0,0.0,1.8289,435.97
c6519fb025e64635,dflash,bf16,auto,FLASHINFER,False,gsm8k,16,1,50,1000,0.0,0.0,1.8289,435.97
c6519fb025e64635,dflash,bf16,auto,FLASHINFER,False,gsm8k,16,1,75,200,0.0,0.0,1.8289,435.97
c6519fb025e64635,dflash,bf16,auto,FLASHINFER,False,gsm8k,16,1,75,500,0.0,0.0,1.8289,435.97
c6519fb025e64635,dflash,bf16,auto,FLASHINFER,False,gsm8k,16,1,75,1000,0.0,0.0,1.8289,435.97
c6519fb025e64635,dflash,bf16,auto,FLASHINFER,False,gsm8k,16,2,20,200,0.0,0.0,1.4133,356.54
c6519fb025e64635,dflash,bf16,auto,FLASHINFER,False,gsm8k,16,2,20,500,0.0,0.0,1.4133,356.54
c6519fb025e64635,dflash,bf16,auto,FLASHINFER,False,gsm8k,16,2,20,1000,0.0,0.0,1.4133,356.54
c6519fb025e64635,dflash,bf16,auto,FLASHINFER,False,gsm8k,16,2,35,200,0.0,0.0,1.4133,356.54
c6519fb025e64635,dflash,bf16,auto,FLASHINFER,False,gsm8k,16,2,35,500,0.0,0.0,1.4133,356.54
c6519fb025e64635,dflash,bf16,auto,FLASHINFER,False,gsm8k,16,2,35,1000,0.0,0.0,1.4133,356.54
c6519fb025e64635,dflash,bf16,auto,FLASHINFER,False,gsm8k,16,2,50,200,0.0,0.0,1.4133,356.54
c6519fb025e64635,dflash,bf16,auto,FLASHINFER,False,gsm8k,16,2,50,500,0.0,0.0,1.4133,356.54
c6519fb025e64635,dflash,bf16,auto,FLASHINFER,False,gsm8k,16,2,50,1000,0.0,0.0,1.4133,356.54
c6519fb025e64635,dflash,bf16,auto,FLASHINFER,False,gsm8k,16,2,75,200,0.0,0.0,1.4133,356.54
c6519fb025e64635,dflash,bf16,auto,FLASHINFER,False,gsm8k,16,2,75,500,0.0,0.0,1.4133,356.54
c6519fb025e64635,dflash,bf16,auto,FLASHINFER,False,gsm8k,16,2,75,1000,0.0,0.0,1.4133,356.54
c6519fb025e64635,dflash,bf16,auto,FLASHINFER,False,gsm8k,64,0,20,200,0.0,0.0,3.9903,1032.67
c6519fb025e64635,dflash,bf16,auto,FLASHINFER,False,gsm8k,64,0,20,500,0.0,0.0,3.9903,1032.67
c6519fb025e64635,dflash,bf16,auto,FLASHINFER,False,gsm8k,64,0,20,1000,0.0,0.0,3.9903,1032.67
c6519fb025e64635,dflash,bf16,auto,FLASHINFER,False,gsm8k,64,0,35,200,0.0,0.0,3.9903,1032.67
c6519fb025e64635,dflash,bf16,auto,FLASHINFER,False,gsm8k,64,0,35,500,0.0,0.0,3.9903,1032.67
c6519fb025e64635,dflash,bf16,auto,FLASHINFER,False,gsm8k,64,0,35,1000,0.0,0.0,3.9903,1032.67
c6519fb025e64635,dflash,bf16,auto,FLASHINFER,False,gsm8k,64,0,50,200,0.0,0.0,3.9903,1032.67
c6519fb025e64635,dflash,bf16,auto,FLASHINFER,False,gsm8k,64,0,50,500,0.0,0.0,3.9903,1032.67
c6519fb025e64635,dflash,bf16,auto,FLASHINFER,False,gsm8k,64,0,50,1000,0.0,0.0,3.9903,1032.67
c6519fb025e64635,dflash,bf16,auto,FLASHINFER,False,gsm8k,64,0,75,200,0.0,0.0,3.9903,1032.67
c6519fb025e64635,dflash,bf16,auto,FLASHINFER,False,gsm8k,64,0,75,500,0.0,0.0,3.9903,1032.67
c6519fb025e64635,dflash,bf16,auto,FLASHINFER,False,gsm8k,64,0,75,1000,0.0,0.0,3.9903,1032.67
c6519fb025e64635,dflash,bf16,auto,FLASHINFER,False,gsm8k,64,1,20,200,0.0,0.0,3.5173,847.52
c6519fb025e64635,dflash,bf16,auto,FLASHINFER,False,gsm8k,64,1,20,500,0.0,0.0,3.5173,847.52
c6519fb025e64635,dflash,bf16,auto,FLASHINFER,False,gsm8k,64,1,20,1000,0.0,0.0,3.5173,847.52
c6519fb025e64635,dflash,bf16,auto,FLASHINFER,False,gsm8k,64,1,35,200,0.0,0.0,3.5173,847.52
c6519fb025e64635,dflash,bf16,auto,FLASHINFER,False,gsm8k,64,1,35,500,0.0,0.0,3.5173,847.52
c6519fb025e64635,dflash,bf16,auto,FLASHINFER,False,gsm8k,64,1,35,1000,0.0,0.0,3.5173,847.52
c6519fb025e64635,dflash,bf16,auto,FLASHINFER,False,gsm8k,64,1,50,200,0.0,0.0,3.5173,847.52
c6519fb025e64635,dflash,bf16,auto,FLASHINFER,False,gsm8k,64,1,50,500,0.0,0.0,3.5173,847.52
c6519fb025e64635,dflash,bf16,auto,FLASHINFER,False,gsm8k,64,1,50,1000,0.0,0.0,3.5173,847.52
c6519fb025e64635,dflash,bf16,auto,FLASHINFER,False,gsm8k,64,1,75,200,0.0,0.0,3.5173,847.52
c6519fb025e64635,dflash,bf16,auto,FLASHINFER,False,gsm8k,64,1,75,500,0.0,0.0,3.5173,847.52
c6519fb025e64635,dflash,bf16,auto,FLASHINFER,False,gsm8k,64,1,75,1000,0.0,0.0,3.5173,847.52
c6519fb025e64635,dflash,bf16,auto,FLASHINFER,False,gsm8k,64,2,20,200,0.0,0.0,4.2032,1074.07
c6519fb025e64635,dflash,bf16,auto,FLASHINFER,False,gsm8k,64,2,20,500,0.0,0.0,4.2032,1074.07
c6519fb025e64635,dflash,bf16,auto,FLASHINFER,False,gsm8k,64,2,20,1000,0.0,0.0,4.2032,1074.07
c6519fb025e64635,dflash,bf16,auto,FLASHINFER,False,gsm8k,64,2,35,200,0.0,0.0,4.2032,1074.07
c6519fb025e64635,dflash,bf16,auto,FLASHINFER,False,gsm8k,64,2,35,500,0.0,0.0,4.2032,1074.07
c6519fb025e64635,dflash,bf16,auto,FLASHINFER,False,gsm8k,64,2,35,1000,0.0,0.0,4.2032,1074.07
c6519fb025e64635,dflash,bf16,auto,FLASHINFER,False,gsm8k,64,2,50,200,0.0,0.0,4.2032,1074.07
c6519fb025e64635,dflash,bf16,auto,FLASHINFER,False,gsm8k,64,2,50,500,0.0,0.0,4.2032,1074.07
c6519fb025e64635,dflash,bf16,auto,FLASHINFER,False,gsm8k,64,2,50,1000,0.0,0.0,4.2032,1074.07
c6519fb025e64635,dflash,bf16,auto,FLASHINFER,False,gsm8k,64,2,75,200,0.0,0.0,4.2032,1074.07
c6519fb025e64635,dflash,bf16,auto,FLASHINFER,False,gsm8k,64,2,75,500,0.0,0.0,4.2032,1074.07
c6519fb025e64635,dflash,bf16,auto,FLASHINFER,False,gsm8k,64,2,75,1000,0.0,0.0,4.2032,1074.07
cc2e011a0a75bf57,none,fp8,auto,FLASHINFER,False,gsm8k,1,0,20,200,0.0,0.0,0.1685,39.65
cc2e011a0a75bf57,none,fp8,auto,FLASHINFER,False,gsm8k,1,0,20,500,0.0,0.0,0.1685,39.65
cc2e011a0a75bf57,none,fp8,auto,FLASHINFER,False,gsm8k,1,0,20,1000,0.0,0.0,0.1685,39.65
cc2e011a0a75bf57,none,fp8,auto,FLASHINFER,False,gsm8k,1,0,35,200,0.0,0.0,0.1685,39.65
cc2e011a0a75bf57,none,fp8,auto,FLASHINFER,False,gsm8k,1,0,35,500,0.0,0.0,0.1685,39.65
cc2e011a0a75bf57,none,fp8,auto,FLASHINFER,False,gsm8k,1,0,35,1000,0.0,0.0,0.1685,39.65
cc2e011a0a75bf57,none,fp8,auto,FLASHINFER,False,gsm8k,1,0,50,200,0.0,0.0,0.1685,39.65
cc2e011a0a75bf57,none,fp8,auto,FLASHINFER,False,gsm8k,1,0,50,500,0.0,0.0,0.1685,39.65
cc2e011a0a75bf57,none,fp8,auto,FLASHINFER,False,gsm8k,1,0,50,1000,0.0,0.0,0.1685,39.65
cc2e011a0a75bf57,none,fp8,auto,FLASHINFER,False,gsm8k,1,0,75,200,0.0,0.0,0.1685,39.65
cc2e011a0a75bf57,none,fp8,auto,FLASHINFER,False,gsm8k,1,0,75,500,0.0,0.0,0.1685,39.65
cc2e011a0a75bf57,none,fp8,auto,FLASHINFER,False,gsm8k,1,0,75,1000,0.0,0.0,0.1685,39.65
cc2e011a0a75bf57,none,fp8,auto,FLASHINFER,False,gsm8k,1,1,20,200,0.0,0.0,0.1658,40.36
cc2e011a0a75bf57,none,fp8,auto,FLASHINFER,False,gsm8k,1,1,20,500,0.0,0.0,0.1658,40.36
cc2e011a0a75bf57,none,fp8,auto,FLASHINFER,False,gsm8k,1,1,20,1000,0.0,0.0,0.1658,40.36
cc2e011a0a75bf57,none,fp8,auto,FLASHINFER,False,gsm8k,1,1,35,200,0.0,0.0,0.1658,40.36
cc2e011a0a75bf57,none,fp8,auto,FLASHINFER,False,gsm8k,1,1,35,500,0.0,0.0,0.1658,40.36
cc2e011a0a75bf57,none,fp8,auto,FLASHINFER,False,gsm8k,1,1,35,1000,0.0,0.0,0.1658,40.36
cc2e011a0a75bf57,none,fp8,auto,FLASHINFER,False,gsm8k,1,1,50,200,0.0,0.0,0.1658,40.36
cc2e011a0a75bf57,none,fp8,auto,FLASHINFER,False,gsm8k,1,1,50,500,0.0,0.0,0.1658,40.36
cc2e011a0a75bf57,none,fp8,auto,FLASHINFER,False,gsm8k,1,1,50,1000,0.0,0.0,0.1658,40.36
cc2e011a0a75bf57,none,fp8,auto,FLASHINFER,False,gsm8k,1,1,75,200,0.0,0.0,0.1658,40.36
cc2e011a0a75bf57,none,fp8,auto,FLASHINFER,False,gsm8k,1,1,75,500,0.0,0.0,0.1658,40.36
cc2e011a0a75bf57,none,fp8,auto,FLASHINFER,False,gsm8k,1,1,75,1000,0.0,0.0,0.1658,40.36
cc2e011a0a75bf57,none,fp8,auto,FLASHINFER,False,gsm8k,1,2,20,200,0.0,0.0,0.1578,41.38
cc2e011a0a75bf57,none,fp8,auto,FLASHINFER,False,gsm8k,1,2,20,500,0.0,0.0,0.1578,41.38
cc2e011a0a75bf57,none,fp8,auto,FLASHINFER,False,gsm8k,1,2,20,1000,0.0,0.0,0.1578,41.38
cc2e011a0a75bf57,none,fp8,auto,FLASHINFER,False,gsm8k,1,2,35,200,0.0,0.0,0.1578,41.38
cc2e011a0a75bf57,none,fp8,auto,FLASHINFER,False,gsm8k,1,2,35,500,0.0,0.0,0.1578,41.38
cc2e011a0a75bf57,none,fp8,auto,FLASHINFER,False,gsm8k,1,2,35,1000,0.0,0.0,0.1578,41.38
cc2e011a0a75bf57,none,fp8,auto,FLASHINFER,False,gsm8k,1,2,50,200,0.0,0.0,0.1578,41.38
cc2e011a0a75bf57,none,fp8,auto,FLASHINFER,False,gsm8k,1,2,50,500,0.0,0.0,0.1578,41.38
cc2e011a0a75bf57,none,fp8,auto,FLASHINFER,False,gsm8k,1,2,50,1000,0.0,0.0,0.1578,41.38
cc2e011a0a75bf57,none,fp8,auto,FLASHINFER,False,gsm8k,1,2,75,200,0.0,0.0,0.1578,41.38
cc2e011a0a75bf57,none,fp8,auto,FLASHINFER,False,gsm8k,1,2,75,500,0.0,0.0,0.1578,41.38
cc2e011a0a75bf57,none,fp8,auto,FLASHINFER,False,gsm8k,1,2,75,1000,0.0,0.0,0.1578,41.38
cc2e011a0a75bf57,none,fp8,auto,FLASHINFER,False,gsm8k,4,0,20,200,0.0,0.0,0.4614,104.65
cc2e011a0a75bf57,none,fp8,auto,FLASHINFER,False,gsm8k,4,0,20,500,0.0,0.0,0.4614,104.65
cc2e011a0a75bf57,none,fp8,auto,FLASHINFER,False,gsm8k,4,0,20,1000,0.0,0.0,0.4614,104.65
cc2e011a0a75bf57,none,fp8,auto,FLASHINFER,False,gsm8k,4,0,35,200,0.0,0.0,0.4614,104.65
cc2e011a0a75bf57,none,fp8,auto,FLASHINFER,False,gsm8k,4,0,35,500,0.0,0.0,0.4614,104.65
cc2e011a0a75bf57,none,fp8,auto,FLASHINFER,False,gsm8k,4,0,35,1000,0.0,0.0,0.4614,104.65
cc2e011a0a75bf57,none,fp8,auto,FLASHINFER,False,gsm8k,4,0,50,200,0.0,0.0,0.4614,104.65
cc2e011a0a75bf57,none,fp8,auto,FLASHINFER,False,gsm8k,4,0,50,500,0.0,0.0,0.4614,104.65
cc2e011a0a75bf57,none,fp8,auto,FLASHINFER,False,gsm8k,4,0,50,1000,0.0,0.0,0.4614,104.65
cc2e011a0a75bf57,none,fp8,auto,FLASHINFER,False,gsm8k,4,0,75,200,0.0,0.0,0.4614,104.65
cc2e011a0a75bf57,none,fp8,auto,FLASHINFER,False,gsm8k,4,0,75,500,0.0,0.0,0.4614,104.65
cc2e011a0a75bf57,none,fp8,auto,FLASHINFER,False,gsm8k,4,0,75,1000,0.0,0.0,0.4614,104.65
cc2e011a0a75bf57,none,fp8,auto,FLASHINFER,False,gsm8k,4,1,20,200,0.0,0.0,0.4806,118.04
cc2e011a0a75bf57,none,fp8,auto,FLASHINFER,False,gsm8k,4,1,20,500,0.0,0.0,0.4806,118.04
cc2e011a0a75bf57,none,fp8,auto,FLASHINFER,False,gsm8k,4,1,20,1000,0.0,0.0,0.4806,118.04
cc2e011a0a75bf57,none,fp8,auto,FLASHINFER,False,gsm8k,4,1,35,200,0.0,0.0,0.4806,118.04
cc2e011a0a75bf57,none,fp8,auto,FLASHINFER,False,gsm8k,4,1,35,500,0.0,0.0,0.4806,118.04
cc2e011a0a75bf57,none,fp8,auto,FLASHINFER,False,gsm8k,4,1,35,1000,0.0,0.0,0.4806,118.04
cc2e011a0a75bf57,none,fp8,auto,FLASHINFER,False,gsm8k,4,1,50,200,0.0,0.0,0.4806,118.04
cc2e011a0a75bf57,none,fp8,auto,FLASHINFER,False,gsm8k,4,1,50,500,0.0,0.0,0.4806,118.04
cc2e011a0a75bf57,none,fp8,auto,FLASHINFER,False,gsm8k,4,1,50,1000,0.0,0.0,0.4806,118.04
cc2e011a0a75bf57,none,fp8,auto,FLASHINFER,False,gsm8k,4,1,75,200,0.0,0.0,0.4806,118.04
cc2e011a0a75bf57,none,fp8,auto,FLASHINFER,False,gsm8k,4,1,75,500,0.0,0.0,0.4806,118.04
cc2e011a0a75bf57,none,fp8,auto,FLASHINFER,False,gsm8k,4,1,75,1000,0.0,0.0,0.4806,118.04
cc2e011a0a75bf57,none,fp8,auto,FLASHINFER,False,gsm8k,4,2,20,200,0.0,0.0,0.4503,119.74
cc2e011a0a75bf57,none,fp8,auto,FLASHINFER,False,gsm8k,4,2,20,500,0.0,0.0,0.4503,119.74
cc2e011a0a75bf57,none,fp8,auto,FLASHINFER,False,gsm8k,4,2,20,1000,0.0,0.0,0.4503,119.74
cc2e011a0a75bf57,none,fp8,auto,FLASHINFER,False,gsm8k,4,2,35,200,0.0,0.0,0.4503,119.74
cc2e011a0a75bf57,none,fp8,auto,FLASHINFER,False,gsm8k,4,2,35,500,0.0,0.0,0.4503,119.74
cc2e011a0a75bf57,none,fp8,auto,FLASHINFER,False,gsm8k,4,2,35,1000,0.0,0.0,0.4503,119.74
cc2e011a0a75bf57,none,fp8,auto,FLASHINFER,False,gsm8k,4,2,50,200,0.0,0.0,0.4503,119.74
cc2e011a0a75bf57,none,fp8,auto,FLASHINFER,False,gsm8k,4,2,50,500,0.0,0.0,0.4503,119.74
cc2e011a0a75bf57,none,fp8,auto,FLASHINFER,False,gsm8k,4,2,50,1000,0.0,0.0,0.4503,119.74
cc2e011a0a75bf57,none,fp8,auto,FLASHINFER,False,gsm8k,4,2,75,200,0.0,0.0,0.4503,119.74
cc2e011a0a75bf57,none,fp8,auto,FLASHINFER,False,gsm8k,4,2,75,500,0.0,0.0,0.4503,119.74
cc2e011a0a75bf57,none,fp8,auto,FLASHINFER,False,gsm8k,4,2,75,1000,0.0,0.0,0.4503,119.74
cc2e011a0a75bf57,none,fp8,auto,FLASHINFER,False,gsm8k,16,0,20,200,0.0,0.0,1.6075,422.3
cc2e011a0a75bf57,none,fp8,auto,FLASHINFER,False,gsm8k,16,0,20,500,0.0,0.0,1.6075,422.3
cc2e011a0a75bf57,none,fp8,auto,FLASHINFER,False,gsm8k,16,0,20,1000,0.0,0.0,1.6075,422.3
cc2e011a0a75bf57,none,fp8,auto,FLASHINFER,False,gsm8k,16,0,35,200,0.0,0.0,1.6075,422.3
cc2e011a0a75bf57,none,fp8,auto,FLASHINFER,False,gsm8k,16,0,35,500,0.0,0.0,1.6075,422.3
cc2e011a0a75bf57,none,fp8,auto,FLASHINFER,False,gsm8k,16,0,35,1000,0.0,0.0,1.6075,422.3
cc2e011a0a75bf57,none,fp8,auto,FLASHINFER,False,gsm8k,16,0,50,200,0.0,0.0,1.6075,422.3
cc2e011a0a75bf57,none,fp8,auto,FLASHINFER,False,gsm8k,16,0,50,500,0.0,0.0,1.6075,422.3
cc2e011a0a75bf57,none,fp8,auto,FLASHINFER,False,gsm8k,16,0,50,1000,0.0,0.0,1.6075,422.3
cc2e011a0a75bf57,none,fp8,auto,FLASHINFER,False,gsm8k,16,0,75,200,0.0,0.0,1.6075,422.3
cc2e011a0a75bf57,none,fp8,auto,FLASHINFER,False,gsm8k,16,0,75,500,0.0,0.0,1.6075,422.3
cc2e011a0a75bf57,none,fp8,auto,FLASHINFER,False,gsm8k,16,0,75,1000,0.0,0.0,1.6075,422.3
cc2e011a0a75bf57,none,fp8,auto,FLASHINFER,False,gsm8k,16,1,20,200,0.0,0.0,1.5808,392.51
cc2e011a0a75bf57,none,fp8,auto,FLASHINFER,False,gsm8k,16,1,20,500,0.0,0.0,1.5808,392.51
cc2e011a0a75bf57,none,fp8,auto,FLASHINFER,False,gsm8k,16,1,20,1000,0.0,0.0,1.5808,392.51
cc2e011a0a75bf57,none,fp8,auto,FLASHINFER,False,gsm8k,16,1,35,200,0.0,0.0,1.5808,392.51
cc2e011a0a75bf57,none,fp8,auto,FLASHINFER,False,gsm8k,16,1,35,500,0.0,0.0,1.5808,392.51
cc2e011a0a75bf57,none,fp8,auto,FLASHINFER,False,gsm8k,16,1,35,1000,0.0,0.0,1.5808,392.51
cc2e011a0a75bf57,none,fp8,auto,FLASHINFER,False,gsm8k,16,1,50,200,0.0,0.0,1.5808,392.51
cc2e011a0a75bf57,none,fp8,auto,FLASHINFER,False,gsm8k,16,1,50,500,0.0,0.0,1.5808,392.51
cc2e011a0a75bf57,none,fp8,auto,FLASHINFER,False,gsm8k,16,1,50,1000,0.0,0.0,1.5808,392.51
cc2e011a0a75bf57,none,fp8,auto,FLASHINFER,False,gsm8k,16,1,75,200,0.0,0.0,1.5808,392.51
cc2e011a0a75bf57,none,fp8,auto,FLASHINFER,False,gsm8k,16,1,75,500,0.0,0.0,1.5808,392.51
cc2e011a0a75bf57,none,fp8,auto,FLASHINFER,False,gsm8k,16,1,75,1000,0.0,0.0,1.5808,392.51
cc2e011a0a75bf57,none,fp8,auto,FLASHINFER,False,gsm8k,16,2,20,200,0.0,0.0,1.6918,427.09
cc2e011a0a75bf57,none,fp8,auto,FLASHINFER,False,gsm8k,16,2,20,500,0.0,0.0,1.6918,427.09
cc2e011a0a75bf57,none,fp8,auto,FLASHINFER,False,gsm8k,16,2,20,1000,0.0,0.0,1.6918,427.09
cc2e011a0a75bf57,none,fp8,auto,FLASHINFER,False,gsm8k,16,2,35,200,0.0,0.0,1.6918,427.09
cc2e011a0a75bf57,none,fp8,auto,FLASHINFER,False,gsm8k,16,2,35,500,0.0,0.0,1.6918,427.09
cc2e011a0a75bf57,none,fp8,auto,FLASHINFER,False,gsm8k,16,2,35,1000,0.0,0.0,1.6918,427.09
cc2e011a0a75bf57,none,fp8,auto,FLASHINFER,False,gsm8k,16,2,50,200,0.0,0.0,1.6918,427.09
cc2e011a0a75bf57,none,fp8,auto,FLASHINFER,False,gsm8k,16,2,50,500,0.0,0.0,1.6918,427.09
cc2e011a0a75bf57,none,fp8,auto,FLASHINFER,False,gsm8k,16,2,50,1000,0.0,0.0,1.6918,427.09
cc2e011a0a75bf57,none,fp8,auto,FLASHINFER,False,gsm8k,16,2,75,200,0.0,0.0,1.6918,427.09
cc2e011a0a75bf57,none,fp8,auto,FLASHINFER,False,gsm8k,16,2,75,500,0.0,0.0,1.6918,427.09
cc2e011a0a75bf57,none,fp8,auto,FLASHINFER,False,gsm8k,16,2,75,1000,0.0,0.0,1.6918,427.09
cc2e011a0a75bf57,none,fp8,auto,FLASHINFER,False,gsm8k,64,0,20,200,0.0,0.0,4.623,1208.82
cc2e011a0a75bf57,none,fp8,auto,FLASHINFER,False,gsm8k,64,0,20,500,0.0,0.0,4.623,1208.82
cc2e011a0a75bf57,none,fp8,auto,FLASHINFER,False,gsm8k,64,0,20,1000,0.0,0.0,4.623,1208.82
cc2e011a0a75bf57,none,fp8,auto,FLASHINFER,False,gsm8k,64,0,35,200,0.0,0.0,4.623,1208.82
cc2e011a0a75bf57,none,fp8,auto,FLASHINFER,False,gsm8k,64,0,35,500,0.0,0.0,4.623,1208.82
cc2e011a0a75bf57,none,fp8,auto,FLASHINFER,False,gsm8k,64,0,35,1000,0.0,0.0,4.623,1208.82
cc2e011a0a75bf57,none,fp8,auto,FLASHINFER,False,gsm8k,64,0,50,200,0.0,0.0,4.623,1208.82
cc2e011a0a75bf57,none,fp8,auto,FLASHINFER,False,gsm8k,64,0,50,500,0.0,0.0,4.623,1208.82
cc2e011a0a75bf57,none,fp8,auto,FLASHINFER,False,gsm8k,64,0,50,1000,0.0,0.0,4.623,1208.82
cc2e011a0a75bf57,none,fp8,auto,FLASHINFER,False,gsm8k,64,0,75,200,0.0,0.0,4.623,1208.82
cc2e011a0a75bf57,none,fp8,auto,FLASHINFER,False,gsm8k,64,0,75,500,0.0,0.0,4.623,1208.82
cc2e011a0a75bf57,none,fp8,auto,FLASHINFER,False,gsm8k,64,0,75,1000,0.0,0.0,4.623,1208.82
cc2e011a0a75bf57,none,fp8,auto,FLASHINFER,False,gsm8k,64,1,20,200,0.0,0.0,4.7371,1144.98
cc2e011a0a75bf57,none,fp8,auto,FLASHINFER,False,gsm8k,64,1,20,500,0.0,0.0,4.7371,1144.98
cc2e011a0a75bf57,none,fp8,auto,FLASHINFER,False,gsm8k,64,1,20,1000,0.0,0.0,4.7371,1144.98
cc2e011a0a75bf57,none,fp8,auto,FLASHINFER,False,gsm8k,64,1,35,200,0.0,0.0,4.7371,1144.98
cc2e011a0a75bf57,none,fp8,auto,FLASHINFER,False,gsm8k,64,1,35,500,0.0,0.0,4.7371,1144.98
cc2e011a0a75bf57,none,fp8,auto,FLASHINFER,False,gsm8k,64,1,35,1000,0.0,0.0,4.7371,1144.98
cc2e011a0a75bf57,none,fp8,auto,FLASHINFER,False,gsm8k,64,1,50,200,0.0,0.0,4.7371,1144.98
cc2e011a0a75bf57,none,fp8,auto,FLASHINFER,False,gsm8k,64,1,50,500,0.0,0.0,4.7371,1144.98
cc2e011a0a75bf57,none,fp8,auto,FLASHINFER,False,gsm8k,64,1,50,1000,0.0,0.0,4.7371,1144.98
cc2e011a0a75bf57,none,fp8,auto,FLASHINFER,False,gsm8k,64,1,75,200,0.0,0.0,4.7371,1144.98
cc2e011a0a75bf57,none,fp8,auto,FLASHINFER,False,gsm8k,64,1,75,500,0.0,0.0,4.7371,1144.98
cc2e011a0a75bf57,none,fp8,auto,FLASHINFER,False,gsm8k,64,1,75,1000,0.0,0.0,4.7371,1144.98
cc2e011a0a75bf57,none,fp8,auto,FLASHINFER,False,gsm8k,64,2,20,200,0.0,0.0,4.9368,1268.6
cc2e011a0a75bf57,none,fp8,auto,FLASHINFER,False,gsm8k,64,2,20,500,0.0,0.0,4.9368,1268.6
cc2e011a0a75bf57,none,fp8,auto,FLASHINFER,False,gsm8k,64,2,20,1000,0.0,0.0,4.9368,1268.6
cc2e011a0a75bf57,none,fp8,auto,FLASHINFER,False,gsm8k,64,2,35,200,0.0,0.0,4.9368,1268.6
cc2e011a0a75bf57,none,fp8,auto,FLASHINFER,False,gsm8k,64,2,35,500,0.0,0.0,4.9368,1268.6
cc2e011a0a75bf57,none,fp8,auto,FLASHINFER,False,gsm8k,64,2,35,1000,0.0,0.0,4.9368,1268.6
cc2e011a0a75bf57,none,fp8,auto,FLASHINFER,False,gsm8k,64,2,50,200,0.0,0.0,4.9368,1268.6
cc2e011a0a75bf57,none,fp8,auto,FLASHINFER,False,gsm8k,64,2,50,500,0.0,0.0,4.9368,1268.6
cc2e011a0a75bf57,none,fp8,auto,FLASHINFER,False,gsm8k,64,2,50,1000,0.0,0.0,4.9368,1268.6
cc2e011a0a75bf57,none,fp8,auto,FLASHINFER,False,gsm8k,64,2,75,200,0.0,0.0,4.9368,1268.6
cc2e011a0a75bf57,none,fp8,auto,FLASHINFER,False,gsm8k,64,2,75,500,0.0,0.0,4.9368,1268.6
cc2e011a0a75bf57,none,fp8,auto,FLASHINFER,False,gsm8k,64,2,75,1000,0.0,0.0,4.9368,1268.6
f4d8fbdfdccc68f6,none,fp8,fp8_e4m3,FLASHINFER,False,gsm8k,1,0,20,200,0.0,0.0,0.1606,40.33
f4d8fbdfdccc68f6,none,fp8,fp8_e4m3,FLASHINFER,False,gsm8k,1,0,20,500,0.0,0.0,0.1606,40.33
f4d8fbdfdccc68f6,none,fp8,fp8_e4m3,FLASHINFER,False,gsm8k,1,0,20,1000,0.0,0.0,0.1606,40.33
f4d8fbdfdccc68f6,none,fp8,fp8_e4m3,FLASHINFER,False,gsm8k,1,0,35,200,0.0,0.0,0.1606,40.33
f4d8fbdfdccc68f6,none,fp8,fp8_e4m3,FLASHINFER,False,gsm8k,1,0,35,500,0.0,0.0,0.1606,40.33
f4d8fbdfdccc68f6,none,fp8,fp8_e4m3,FLASHINFER,False,gsm8k,1,0,35,1000,0.0,0.0,0.1606,40.33
f4d8fbdfdccc68f6,none,fp8,fp8_e4m3,FLASHINFER,False,gsm8k,1,0,50,200,0.0,0.0,0.1606,40.33
f4d8fbdfdccc68f6,none,fp8,fp8_e4m3,FLASHINFER,False,gsm8k,1,0,50,500,0.0,0.0,0.1606,40.33
f4d8fbdfdccc68f6,none,fp8,fp8_e4m3,FLASHINFER,False,gsm8k,1,0,50,1000,0.0,0.0,0.1606,40.33
f4d8fbdfdccc68f6,none,fp8,fp8_e4m3,FLASHINFER,False,gsm8k,1,0,75,200,0.0,0.0,0.1606,40.33
f4d8fbdfdccc68f6,none,fp8,fp8_e4m3,FLASHINFER,False,gsm8k,1,0,75,500,0.0,0.0,0.1606,40.33
f4d8fbdfdccc68f6,none,fp8,fp8_e4m3,FLASHINFER,False,gsm8k,1,0,75,1000,0.0,0.0,0.1606,40.33
f4d8fbdfdccc68f6,none,fp8,fp8_e4m3,FLASHINFER,False,gsm8k,1,1,20,200,0.0,0.0,0.1634,41.29
f4d8fbdfdccc68f6,none,fp8,fp8_e4m3,FLASHINFER,False,gsm8k,1,1,20,500,0.0,0.0,0.1634,41.29
f4d8fbdfdccc68f6,none,fp8,fp8_e4m3,FLASHINFER,False,gsm8k,1,1,20,1000,0.0,0.0,0.1634,41.29
f4d8fbdfdccc68f6,none,fp8,fp8_e4m3,FLASHINFER,False,gsm8k,1,1,35,200,0.0,0.0,0.1634,41.29
f4d8fbdfdccc68f6,none,fp8,fp8_e4m3,FLASHINFER,False,gsm8k,1,1,35,500,0.0,0.0,0.1634,41.29
f4d8fbdfdccc68f6,none,fp8,fp8_e4m3,FLASHINFER,False,gsm8k,1,1,35,1000,0.0,0.0,0.1634,41.29
f4d8fbdfdccc68f6,none,fp8,fp8_e4m3,FLASHINFER,False,gsm8k,1,1,50,200,0.0,0.0,0.1634,41.29
f4d8fbdfdccc68f6,none,fp8,fp8_e4m3,FLASHINFER,False,gsm8k,1,1,50,500,0.0,0.0,0.1634,41.29
f4d8fbdfdccc68f6,none,fp8,fp8_e4m3,FLASHINFER,False,gsm8k,1,1,50,1000,0.0,0.0,0.1634,41.29
f4d8fbdfdccc68f6,none,fp8,fp8_e4m3,FLASHINFER,False,gsm8k,1,1,75,200,0.0,0.0,0.1634,41.29
f4d8fbdfdccc68f6,none,fp8,fp8_e4m3,FLASHINFER,False,gsm8k,1,1,75,500,0.0,0.0,0.1634,41.29
f4d8fbdfdccc68f6,none,fp8,fp8_e4m3,FLASHINFER,False,gsm8k,1,1,75,1000,0.0,0.0,0.1634,41.29
f4d8fbdfdccc68f6,none,fp8,fp8_e4m3,FLASHINFER,False,gsm8k,1,2,20,200,0.0,0.0,0.1565,40.97
f4d8fbdfdccc68f6,none,fp8,fp8_e4m3,FLASHINFER,False,gsm8k,1,2,20,500,0.0,0.0,0.1565,40.97
f4d8fbdfdccc68f6,none,fp8,fp8_e4m3,FLASHINFER,False,gsm8k,1,2,20,1000,0.0,0.0,0.1565,40.97
f4d8fbdfdccc68f6,none,fp8,fp8_e4m3,FLASHINFER,False,gsm8k,1,2,35,200,0.0,0.0,0.1565,40.97
f4d8fbdfdccc68f6,none,fp8,fp8_e4m3,FLASHINFER,False,gsm8k,1,2,35,500,0.0,0.0,0.1565,40.97
f4d8fbdfdccc68f6,none,fp8,fp8_e4m3,FLASHINFER,False,gsm8k,1,2,35,1000,0.0,0.0,0.1565,40.97
f4d8fbdfdccc68f6,none,fp8,fp8_e4m3,FLASHINFER,False,gsm8k,1,2,50,200,0.0,0.0,0.1565,40.97
f4d8fbdfdccc68f6,none,fp8,fp8_e4m3,FLASHINFER,False,gsm8k,1,2,50,500,0.0,0.0,0.1565,40.97
f4d8fbdfdccc68f6,none,fp8,fp8_e4m3,FLASHINFER,False,gsm8k,1,2,50,1000,0.0,0.0,0.1565,40.97
f4d8fbdfdccc68f6,none,fp8,fp8_e4m3,FLASHINFER,False,gsm8k,1,2,75,200,0.0,0.0,0.1565,40.97
f4d8fbdfdccc68f6,none,fp8,fp8_e4m3,FLASHINFER,False,gsm8k,1,2,75,500,0.0,0.0,0.1565,40.97
f4d8fbdfdccc68f6,none,fp8,fp8_e4m3,FLASHINFER,False,gsm8k,1,2,75,1000,0.0,0.0,0.1565,40.97
f4d8fbdfdccc68f6,none,fp8,fp8_e4m3,FLASHINFER,False,gsm8k,4,0,20,200,0.0,0.0,0.3934,97.36
f4d8fbdfdccc68f6,none,fp8,fp8_e4m3,FLASHINFER,False,gsm8k,4,0,20,500,0.0,0.0,0.3934,97.36
f4d8fbdfdccc68f6,none,fp8,fp8_e4m3,FLASHINFER,False,gsm8k,4,0,20,1000,0.0,0.0,0.3934,97.36
f4d8fbdfdccc68f6,none,fp8,fp8_e4m3,FLASHINFER,False,gsm8k,4,0,35,200,0.0,0.0,0.3934,97.36
f4d8fbdfdccc68f6,none,fp8,fp8_e4m3,FLASHINFER,False,gsm8k,4,0,35,500,0.0,0.0,0.3934,97.36
f4d8fbdfdccc68f6,none,fp8,fp8_e4m3,FLASHINFER,False,gsm8k,4,0,35,1000,0.0,0.0,0.3934,97.36
f4d8fbdfdccc68f6,none,fp8,fp8_e4m3,FLASHINFER,False,gsm8k,4,0,50,200,0.0,0.0,0.3934,97.36
f4d8fbdfdccc68f6,none,fp8,fp8_e4m3,FLASHINFER,False,gsm8k,4,0,50,500,0.0,0.0,0.3934,97.36
f4d8fbdfdccc68f6,none,fp8,fp8_e4m3,FLASHINFER,False,gsm8k,4,0,50,1000,0.0,0.0,0.3934,97.36
f4d8fbdfdccc68f6,none,fp8,fp8_e4m3,FLASHINFER,False,gsm8k,4,0,75,200,0.0,0.0,0.3934,97.36
f4d8fbdfdccc68f6,none,fp8,fp8_e4m3,FLASHINFER,False,gsm8k,4,0,75,500,0.0,0.0,0.3934,97.36
f4d8fbdfdccc68f6,none,fp8,fp8_e4m3,FLASHINFER,False,gsm8k,4,0,75,1000,0.0,0.0,0.3934,97.36
f4d8fbdfdccc68f6,none,fp8,fp8_e4m3,FLASHINFER,False,gsm8k,4,1,20,200,0.0,0.0,0.4874,127.02
f4d8fbdfdccc68f6,none,fp8,fp8_e4m3,FLASHINFER,False,gsm8k,4,1,20,500,0.0,0.0,0.4874,127.02
f4d8fbdfdccc68f6,none,fp8,fp8_e4m3,FLASHINFER,False,gsm8k,4,1,20,1000,0.0,0.0,0.4874,127.02
f4d8fbdfdccc68f6,none,fp8,fp8_e4m3,FLASHINFER,False,gsm8k,4,1,35,200,0.0,0.0,0.4874,127.02
f4d8fbdfdccc68f6,none,fp8,fp8_e4m3,FLASHINFER,False,gsm8k,4,1,35,500,0.0,0.0,0.4874,127.02
f4d8fbdfdccc68f6,none,fp8,fp8_e4m3,FLASHINFER,False,gsm8k,4,1,35,1000,0.0,0.0,0.4874,127.02
f4d8fbdfdccc68f6,none,fp8,fp8_e4m3,FLASHINFER,False,gsm8k,4,1,50,200,0.0,0.0,0.4874,127.02
f4d8fbdfdccc68f6,none,fp8,fp8_e4m3,FLASHINFER,False,gsm8k,4,1,50,500,0.0,0.0,0.4874,127.02
f4d8fbdfdccc68f6,none,fp8,fp8_e4m3,FLASHINFER,False,gsm8k,4,1,50,1000,0.0,0.0,0.4874,127.02
f4d8fbdfdccc68f6,none,fp8,fp8_e4m3,FLASHINFER,False,gsm8k,4,1,75,200,0.0,0.0,0.4874,127.02
f4d8fbdfdccc68f6,none,fp8,fp8_e4m3,FLASHINFER,False,gsm8k,4,1,75,500,0.0,0.0,0.4874,127.02
f4d8fbdfdccc68f6,none,fp8,fp8_e4m3,FLASHINFER,False,gsm8k,4,1,75,1000,0.0,0.0,0.4874,127.02
f4d8fbdfdccc68f6,none,fp8,fp8_e4m3,FLASHINFER,False,gsm8k,4,2,20,200,0.0,0.0,0.4234,117.91
f4d8fbdfdccc68f6,none,fp8,fp8_e4m3,FLASHINFER,False,gsm8k,4,2,20,500,0.0,0.0,0.4234,117.91
f4d8fbdfdccc68f6,none,fp8,fp8_e4m3,FLASHINFER,False,gsm8k,4,2,20,1000,0.0,0.0,0.4234,117.91
f4d8fbdfdccc68f6,none,fp8,fp8_e4m3,FLASHINFER,False,gsm8k,4,2,35,200,0.0,0.0,0.4234,117.91
f4d8fbdfdccc68f6,none,fp8,fp8_e4m3,FLASHINFER,False,gsm8k,4,2,35,500,0.0,0.0,0.4234,117.91
f4d8fbdfdccc68f6,none,fp8,fp8_e4m3,FLASHINFER,False,gsm8k,4,2,35,1000,0.0,0.0,0.4234,117.91
f4d8fbdfdccc68f6,none,fp8,fp8_e4m3,FLASHINFER,False,gsm8k,4,2,50,200,0.0,0.0,0.4234,117.91
f4d8fbdfdccc68f6,none,fp8,fp8_e4m3,FLASHINFER,False,gsm8k,4,2,50,500,0.0,0.0,0.4234,117.91
f4d8fbdfdccc68f6,none,fp8,fp8_e4m3,FLASHINFER,False,gsm8k,4,2,50,1000,0.0,0.0,0.4234,117.91
f4d8fbdfdccc68f6,none,fp8,fp8_e4m3,FLASHINFER,False,gsm8k,4,2,75,200,0.0,0.0,0.4234,117.91
f4d8fbdfdccc68f6,none,fp8,fp8_e4m3,FLASHINFER,False,gsm8k,4,2,75,500,0.0,0.0,0.4234,117.91
f4d8fbdfdccc68f6,none,fp8,fp8_e4m3,FLASHINFER,False,gsm8k,4,2,75,1000,0.0,0.0,0.4234,117.91
f4d8fbdfdccc68f6,none,fp8,fp8_e4m3,FLASHINFER,False,gsm8k,16,0,20,200,0.0,0.0,1.6204,445.08
f4d8fbdfdccc68f6,none,fp8,fp8_e4m3,FLASHINFER,False,gsm8k,16,0,20,500,0.0,0.0,1.6204,445.08
f4d8fbdfdccc68f6,none,fp8,fp8_e4m3,FLASHINFER,False,gsm8k,16,0,20,1000,0.0,0.0,1.6204,445.08
f4d8fbdfdccc68f6,none,fp8,fp8_e4m3,FLASHINFER,False,gsm8k,16,0,35,200,0.0,0.0,1.6204,445.08
f4d8fbdfdccc68f6,none,fp8,fp8_e4m3,FLASHINFER,False,gsm8k,16,0,35,500,0.0,0.0,1.6204,445.08
f4d8fbdfdccc68f6,none,fp8,fp8_e4m3,FLASHINFER,False,gsm8k,16,0,35,1000,0.0,0.0,1.6204,445.08
f4d8fbdfdccc68f6,none,fp8,fp8_e4m3,FLASHINFER,False,gsm8k,16,0,50,200,0.0,0.0,1.6204,445.08
f4d8fbdfdccc68f6,none,fp8,fp8_e4m3,FLASHINFER,False,gsm8k,16,0,50,500,0.0,0.0,1.6204,445.08
f4d8fbdfdccc68f6,none,fp8,fp8_e4m3,FLASHINFER,False,gsm8k,16,0,50,1000,0.0,0.0,1.6204,445.08
f4d8fbdfdccc68f6,none,fp8,fp8_e4m3,FLASHINFER,False,gsm8k,16,0,75,200,0.0,0.0,1.6204,445.08
f4d8fbdfdccc68f6,none,fp8,fp8_e4m3,FLASHINFER,False,gsm8k,16,0,75,500,0.0,0.0,1.6204,445.08
f4d8fbdfdccc68f6,none,fp8,fp8_e4m3,FLASHINFER,False,gsm8k,16,0,75,1000,0.0,0.0,1.6204,445.08
f4d8fbdfdccc68f6,none,fp8,fp8_e4m3,FLASHINFER,False,gsm8k,16,1,20,200,0.0,0.0,1.8354,454.38
f4d8fbdfdccc68f6,none,fp8,fp8_e4m3,FLASHINFER,False,gsm8k,16,1,20,500,0.0,0.0,1.8354,454.38
f4d8fbdfdccc68f6,none,fp8,fp8_e4m3,FLASHINFER,False,gsm8k,16,1,20,1000,0.0,0.0,1.8354,454.38
f4d8fbdfdccc68f6,none,fp8,fp8_e4m3,FLASHINFER,False,gsm8k,16,1,35,200,0.0,0.0,1.8354,454.38
f4d8fbdfdccc68f6,none,fp8,fp8_e4m3,FLASHINFER,False,gsm8k,16,1,35,500,0.0,0.0,1.8354,454.38
f4d8fbdfdccc68f6,none,fp8,fp8_e4m3,FLASHINFER,False,gsm8k,16,1,35,1000,0.0,0.0,1.8354,454.38
f4d8fbdfdccc68f6,none,fp8,fp8_e4m3,FLASHINFER,False,gsm8k,16,1,50,200,0.0,0.0,1.8354,454.38
f4d8fbdfdccc68f6,none,fp8,fp8_e4m3,FLASHINFER,False,gsm8k,16,1,50,500,0.0,0.0,1.8354,454.38
f4d8fbdfdccc68f6,none,fp8,fp8_e4m3,FLASHINFER,False,gsm8k,16,1,50,1000,0.0,0.0,1.8354,454.38
f4d8fbdfdccc68f6,none,fp8,fp8_e4m3,FLASHINFER,False,gsm8k,16,1,75,200,0.0,0.0,1.8354,454.38
f4d8fbdfdccc68f6,none,fp8,fp8_e4m3,FLASHINFER,False,gsm8k,16,1,75,500,0.0,0.0,1.8354,454.38
f4d8fbdfdccc68f6,none,fp8,fp8_e4m3,FLASHINFER,False,gsm8k,16,1,75,1000,0.0,0.0,1.8354,454.38
f4d8fbdfdccc68f6,none,fp8,fp8_e4m3,FLASHINFER,False,gsm8k,16,2,20,200,0.0,0.0,1.6405,435.11
f4d8fbdfdccc68f6,none,fp8,fp8_e4m3,FLASHINFER,False,gsm8k,16,2,20,500,0.0,0.0,1.6405,435.11
f4d8fbdfdccc68f6,none,fp8,fp8_e4m3,FLASHINFER,False,gsm8k,16,2,20,1000,0.0,0.0,1.6405,435.11
f4d8fbdfdccc68f6,none,fp8,fp8_e4m3,FLASHINFER,False,gsm8k,16,2,35,200,0.0,0.0,1.6405,435.11
f4d8fbdfdccc68f6,none,fp8,fp8_e4m3,FLASHINFER,False,gsm8k,16,2,35,500,0.0,0.0,1.6405,435.11
f4d8fbdfdccc68f6,none,fp8,fp8_e4m3,FLASHINFER,False,gsm8k,16,2,35,1000,0.0,0.0,1.6405,435.11
f4d8fbdfdccc68f6,none,fp8,fp8_e4m3,FLASHINFER,False,gsm8k,16,2,50,200,0.0,0.0,1.6405,435.11
f4d8fbdfdccc68f6,none,fp8,fp8_e4m3,FLASHINFER,False,gsm8k,16,2,50,500,0.0,0.0,1.6405,435.11
f4d8fbdfdccc68f6,none,fp8,fp8_e4m3,FLASHINFER,False,gsm8k,16,2,50,1000,0.0,0.0,1.6405,435.11
f4d8fbdfdccc68f6,none,fp8,fp8_e4m3,FLASHINFER,False,gsm8k,16,2,75,200,0.0,0.0,1.6405,435.11
f4d8fbdfdccc68f6,none,fp8,fp8_e4m3,FLASHINFER,False,gsm8k,16,2,75,500,0.0,0.0,1.6405,435.11
f4d8fbdfdccc68f6,none,fp8,fp8_e4m3,FLASHINFER,False,gsm8k,16,2,75,1000,0.0,0.0,1.6405,435.11
f4d8fbdfdccc68f6,none,fp8,fp8_e4m3,FLASHINFER,False,gsm8k,64,0,20,200,0.0,0.0,4.6044,1227.1
f4d8fbdfdccc68f6,none,fp8,fp8_e4m3,FLASHINFER,False,gsm8k,64,0,20,500,0.0,0.0,4.6044,1227.1
f4d8fbdfdccc68f6,none,fp8,fp8_e4m3,FLASHINFER,False,gsm8k,64,0,20,1000,0.0,0.0,4.6044,1227.1
f4d8fbdfdccc68f6,none,fp8,fp8_e4m3,FLASHINFER,False,gsm8k,64,0,35,200,0.0,0.0,4.6044,1227.1
f4d8fbdfdccc68f6,none,fp8,fp8_e4m3,FLASHINFER,False,gsm8k,64,0,35,500,0.0,0.0,4.6044,1227.1
f4d8fbdfdccc68f6,none,fp8,fp8_e4m3,FLASHINFER,False,gsm8k,64,0,35,1000,0.0,0.0,4.6044,1227.1
f4d8fbdfdccc68f6,none,fp8,fp8_e4m3,FLASHINFER,False,gsm8k,64,0,50,200,0.0,0.0,4.6044,1227.1
f4d8fbdfdccc68f6,none,fp8,fp8_e4m3,FLASHINFER,False,gsm8k,64,0,50,500,0.0,0.0,4.6044,1227.1
f4d8fbdfdccc68f6,none,fp8,fp8_e4m3,FLASHINFER,False,gsm8k,64,0,50,1000,0.0,0.0,4.6044,1227.1
f4d8fbdfdccc68f6,none,fp8,fp8_e4m3,FLASHINFER,False,gsm8k,64,0,75,200,0.0,0.0,4.6044,1227.1
f4d8fbdfdccc68f6,none,fp8,fp8_e4m3,FLASHINFER,False,gsm8k,64,0,75,500,0.0,0.0,4.6044,1227.1
f4d8fbdfdccc68f6,none,fp8,fp8_e4m3,FLASHINFER,False,gsm8k,64,0,75,1000,0.0,0.0,4.6044,1227.1
f4d8fbdfdccc68f6,none,fp8,fp8_e4m3,FLASHINFER,False,gsm8k,64,1,20,200,0.0,0.0,5.5173,1359.51
f4d8fbdfdccc68f6,none,fp8,fp8_e4m3,FLASHINFER,False,gsm8k,64,1,20,500,0.0,0.0,5.5173,1359.51
f4d8fbdfdccc68f6,none,fp8,fp8_e4m3,FLASHINFER,False,gsm8k,64,1,20,1000,0.0,0.0,5.5173,1359.51
f4d8fbdfdccc68f6,none,fp8,fp8_e4m3,FLASHINFER,False,gsm8k,64,1,35,200,0.0,0.0,5.5173,1359.51
f4d8fbdfdccc68f6,none,fp8,fp8_e4m3,FLASHINFER,False,gsm8k,64,1,35,500,0.0,0.0,5.5173,1359.51
f4d8fbdfdccc68f6,none,fp8,fp8_e4m3,FLASHINFER,False,gsm8k,64,1,35,1000,0.0,0.0,5.5173,1359.51
f4d8fbdfdccc68f6,none,fp8,fp8_e4m3,FLASHINFER,False,gsm8k,64,1,50,200,0.0,0.0,5.5173,1359.51
f4d8fbdfdccc68f6,none,fp8,fp8_e4m3,FLASHINFER,False,gsm8k,64,1,50,500,0.0,0.0,5.5173,1359.51
f4d8fbdfdccc68f6,none,fp8,fp8_e4m3,FLASHINFER,False,gsm8k,64,1,50,1000,0.0,0.0,5.5173,1359.51
f4d8fbdfdccc68f6,none,fp8,fp8_e4m3,FLASHINFER,False,gsm8k,64,1,75,200,0.0,0.0,5.5173,1359.51
f4d8fbdfdccc68f6,none,fp8,fp8_e4m3,FLASHINFER,False,gsm8k,64,1,75,500,0.0,0.0,5.5173,1359.51
f4d8fbdfdccc68f6,none,fp8,fp8_e4m3,FLASHINFER,False,gsm8k,64,1,75,1000,0.0,0.0,5.5173,1359.51
f4d8fbdfdccc68f6,none,fp8,fp8_e4m3,FLASHINFER,False,gsm8k,64,2,20,200,0.0,0.0,5.1634,1326.66
f4d8fbdfdccc68f6,none,fp8,fp8_e4m3,FLASHINFER,False,gsm8k,64,2,20,500,0.0,0.0,5.1634,1326.66
f4d8fbdfdccc68f6,none,fp8,fp8_e4m3,FLASHINFER,False,gsm8k,64,2,20,1000,0.0,0.0,5.1634,1326.66
f4d8fbdfdccc68f6,none,fp8,fp8_e4m3,FLASHINFER,False,gsm8k,64,2,35,200,0.0,0.0,5.1634,1326.66
f4d8fbdfdccc68f6,none,fp8,fp8_e4m3,FLASHINFER,False,gsm8k,64,2,35,500,0.0,0.0,5.1634,1326.66
f4d8fbdfdccc68f6,none,fp8,fp8_e4m3,FLASHINFER,False,gsm8k,64,2,35,1000,0.0,0.0,5.1634,1326.66
f4d8fbdfdccc68f6,none,fp8,fp8_e4m3,FLASHINFER,False,gsm8k,64,2,50,200,0.0,0.0,5.1634,1326.66
f4d8fbdfdccc68f6,none,fp8,fp8_e4m3,FLASHINFER,False,gsm8k,64,2,50,500,0.0,0.0,5.1634,1326.66
f4d8fbdfdccc68f6,none,fp8,fp8_e4m3,FLASHINFER,False,gsm8k,64,2,50,1000,0.0,0.0,5.1634,1326.66
f4d8fbdfdccc68f6,none,fp8,fp8_e4m3,FLASHINFER,False,gsm8k,64,2,75,200,0.0,0.0,5.1634,1326.66
f4d8fbdfdccc68f6,none,fp8,fp8_e4m3,FLASHINFER,False,gsm8k,64,2,75,500,0.0,0.0,5.1634,1326.66
f4d8fbdfdccc68f6,none,fp8,fp8_e4m3,FLASHINFER,False,gsm8k,64,2,75,1000,0.0,0.0,5.1634,1326.66
fa7996fe5764f060,none,bf16,fp8_e4m3,FLASHINFER,False,gsm8k,1,0,20,200,0.0,0.0,0.11,25.8
fa7996fe5764f060,none,bf16,fp8_e4m3,FLASHINFER,False,gsm8k,1,0,20,500,0.0,0.0,0.11,25.8
fa7996fe5764f060,none,bf16,fp8_e4m3,FLASHINFER,False,gsm8k,1,0,20,1000,0.0,0.0,0.11,25.8
fa7996fe5764f060,none,bf16,fp8_e4m3,FLASHINFER,False,gsm8k,1,0,35,200,0.0,0.0,0.11,25.8
fa7996fe5764f060,none,bf16,fp8_e4m3,FLASHINFER,False,gsm8k,1,0,35,500,0.0,0.0,0.11,25.8
fa7996fe5764f060,none,bf16,fp8_e4m3,FLASHINFER,False,gsm8k,1,0,35,1000,0.0,0.0,0.11,25.8
fa7996fe5764f060,none,bf16,fp8_e4m3,FLASHINFER,False,gsm8k,1,0,50,200,0.0,0.0,0.11,25.8
fa7996fe5764f060,none,bf16,fp8_e4m3,FLASHINFER,False,gsm8k,1,0,50,500,0.0,0.0,0.11,25.8
fa7996fe5764f060,none,bf16,fp8_e4m3,FLASHINFER,False,gsm8k,1,0,50,1000,0.0,0.0,0.11,25.8
fa7996fe5764f060,none,bf16,fp8_e4m3,FLASHINFER,False,gsm8k,1,0,75,200,0.0,0.0,0.11,25.8
fa7996fe5764f060,none,bf16,fp8_e4m3,FLASHINFER,False,gsm8k,1,0,75,500,0.0,0.0,0.11,25.8
fa7996fe5764f060,none,bf16,fp8_e4m3,FLASHINFER,False,gsm8k,1,0,75,1000,0.0,0.0,0.11,25.8
fa7996fe5764f060,none,bf16,fp8_e4m3,FLASHINFER,False,gsm8k,1,1,20,200,0.0,0.0,0.1025,26.45
fa7996fe5764f060,none,bf16,fp8_e4m3,FLASHINFER,False,gsm8k,1,1,20,500,0.0,0.0,0.1025,26.45
fa7996fe5764f060,none,bf16,fp8_e4m3,FLASHINFER,False,gsm8k,1,1,20,1000,0.0,0.0,0.1025,26.45
fa7996fe5764f060,none,bf16,fp8_e4m3,FLASHINFER,False,gsm8k,1,1,35,200,0.0,0.0,0.1025,26.45
fa7996fe5764f060,none,bf16,fp8_e4m3,FLASHINFER,False,gsm8k,1,1,35,500,0.0,0.0,0.1025,26.45
fa7996fe5764f060,none,bf16,fp8_e4m3,FLASHINFER,False,gsm8k,1,1,35,1000,0.0,0.0,0.1025,26.45
fa7996fe5764f060,none,bf16,fp8_e4m3,FLASHINFER,False,gsm8k,1,1,50,200,0.0,0.0,0.1025,26.45
fa7996fe5764f060,none,bf16,fp8_e4m3,FLASHINFER,False,gsm8k,1,1,50,500,0.0,0.0,0.1025,26.45
fa7996fe5764f060,none,bf16,fp8_e4m3,FLASHINFER,False,gsm8k,1,1,50,1000,0.0,0.0,0.1025,26.45
fa7996fe5764f060,none,bf16,fp8_e4m3,FLASHINFER,False,gsm8k,1,1,75,200,0.0,0.0,0.1025,26.45
fa7996fe5764f060,none,bf16,fp8_e4m3,FLASHINFER,False,gsm8k,1,1,75,500,0.0,0.0,0.1025,26.45
fa7996fe5764f060,none,bf16,fp8_e4m3,FLASHINFER,False,gsm8k,1,1,75,1000,0.0,0.0,0.1025,26.45
fa7996fe5764f060,none,bf16,fp8_e4m3,FLASHINFER,False,gsm8k,1,2,20,200,0.0,0.0,0.0966,26.7
fa7996fe5764f060,none,bf16,fp8_e4m3,FLASHINFER,False,gsm8k,1,2,20,500,0.0,0.0,0.0966,26.7
fa7996fe5764f060,none,bf16,fp8_e4m3,FLASHINFER,False,gsm8k,1,2,20,1000,0.0,0.0,0.0966,26.7
fa7996fe5764f060,none,bf16,fp8_e4m3,FLASHINFER,False,gsm8k,1,2,35,200,0.0,0.0,0.0966,26.7
fa7996fe5764f060,none,bf16,fp8_e4m3,FLASHINFER,False,gsm8k,1,2,35,500,0.0,0.0,0.0966,26.7
fa7996fe5764f060,none,bf16,fp8_e4m3,FLASHINFER,False,gsm8k,1,2,35,1000,0.0,0.0,0.0966,26.7
fa7996fe5764f060,none,bf16,fp8_e4m3,FLASHINFER,False,gsm8k,1,2,50,200,0.0,0.0,0.0966,26.7
fa7996fe5764f060,none,bf16,fp8_e4m3,FLASHINFER,False,gsm8k,1,2,50,500,0.0,0.0,0.0966,26.7
fa7996fe5764f060,none,bf16,fp8_e4m3,FLASHINFER,False,gsm8k,1,2,50,1000,0.0,0.0,0.0966,26.7
fa7996fe5764f060,none,bf16,fp8_e4m3,FLASHINFER,False,gsm8k,1,2,75,200,0.0,0.0,0.0966,26.7
fa7996fe5764f060,none,bf16,fp8_e4m3,FLASHINFER,False,gsm8k,1,2,75,500,0.0,0.0,0.0966,26.7
fa7996fe5764f060,none,bf16,fp8_e4m3,FLASHINFER,False,gsm8k,1,2,75,1000,0.0,0.0,0.0966,26.7
fa7996fe5764f060,none,bf16,fp8_e4m3,FLASHINFER,False,gsm8k,4,0,20,200,0.0,0.0,0.2788,65.3
fa7996fe5764f060,none,bf16,fp8_e4m3,FLASHINFER,False,gsm8k,4,0,20,500,0.0,0.0,0.2788,65.3
fa7996fe5764f060,none,bf16,fp8_e4m3,FLASHINFER,False,gsm8k,4,0,20,1000,0.0,0.0,0.2788,65.3
fa7996fe5764f060,none,bf16,fp8_e4m3,FLASHINFER,False,gsm8k,4,0,35,200,0.0,0.0,0.2788,65.3
fa7996fe5764f060,none,bf16,fp8_e4m3,FLASHINFER,False,gsm8k,4,0,35,500,0.0,0.0,0.2788,65.3
fa7996fe5764f060,none,bf16,fp8_e4m3,FLASHINFER,False,gsm8k,4,0,35,1000,0.0,0.0,0.2788,65.3
fa7996fe5764f060,none,bf16,fp8_e4m3,FLASHINFER,False,gsm8k,4,0,50,200,0.0,0.0,0.2788,65.3
fa7996fe5764f060,none,bf16,fp8_e4m3,FLASHINFER,False,gsm8k,4,0,50,500,0.0,0.0,0.2788,65.3
fa7996fe5764f060,none,bf16,fp8_e4m3,FLASHINFER,False,gsm8k,4,0,50,1000,0.0,0.0,0.2788,65.3
fa7996fe5764f060,none,bf16,fp8_e4m3,FLASHINFER,False,gsm8k,4,0,75,200,0.0,0.0,0.2788,65.3
fa7996fe5764f060,none,bf16,fp8_e4m3,FLASHINFER,False,gsm8k,4,0,75,500,0.0,0.0,0.2788,65.3
fa7996fe5764f060,none,bf16,fp8_e4m3,FLASHINFER,False,gsm8k,4,0,75,1000,0.0,0.0,0.2788,65.3
fa7996fe5764f060,none,bf16,fp8_e4m3,FLASHINFER,False,gsm8k,4,1,20,200,0.0,0.0,0.3001,78.01
fa7996fe5764f060,none,bf16,fp8_e4m3,FLASHINFER,False,gsm8k,4,1,20,500,0.0,0.0,0.3001,78.01
fa7996fe5764f060,none,bf16,fp8_e4m3,FLASHINFER,False,gsm8k,4,1,20,1000,0.0,0.0,0.3001,78.01
fa7996fe5764f060,none,bf16,fp8_e4m3,FLASHINFER,False,gsm8k,4,1,35,200,0.0,0.0,0.3001,78.01
fa7996fe5764f060,none,bf16,fp8_e4m3,FLASHINFER,False,gsm8k,4,1,35,500,0.0,0.0,0.3001,78.01
fa7996fe5764f060,none,bf16,fp8_e4m3,FLASHINFER,False,gsm8k,4,1,35,1000,0.0,0.0,0.3001,78.01
fa7996fe5764f060,none,bf16,fp8_e4m3,FLASHINFER,False,gsm8k,4,1,50,200,0.0,0.0,0.3001,78.01
fa7996fe5764f060,none,bf16,fp8_e4m3,FLASHINFER,False,gsm8k,4,1,50,500,0.0,0.0,0.3001,78.01
fa7996fe5764f060,none,bf16,fp8_e4m3,FLASHINFER,False,gsm8k,4,1,50,1000,0.0,0.0,0.3001,78.01
fa7996fe5764f060,none,bf16,fp8_e4m3,FLASHINFER,False,gsm8k,4,1,75,200,0.0,0.0,0.3001,78.01
fa7996fe5764f060,none,bf16,fp8_e4m3,FLASHINFER,False,gsm8k,4,1,75,500,0.0,0.0,0.3001,78.01
fa7996fe5764f060,none,bf16,fp8_e4m3,FLASHINFER,False,gsm8k,4,1,75,1000,0.0,0.0,0.3001,78.01
fa7996fe5764f060,none,bf16,fp8_e4m3,FLASHINFER,False,gsm8k,4,2,20,200,0.0,0.0,0.2498,69.54
fa7996fe5764f060,none,bf16,fp8_e4m3,FLASHINFER,False,gsm8k,4,2,20,500,0.0,0.0,0.2498,69.54
fa7996fe5764f060,none,bf16,fp8_e4m3,FLASHINFER,False,gsm8k,4,2,20,1000,0.0,0.0,0.2498,69.54
fa7996fe5764f060,none,bf16,fp8_e4m3,FLASHINFER,False,gsm8k,4,2,35,200,0.0,0.0,0.2498,69.54
fa7996fe5764f060,none,bf16,fp8_e4m3,FLASHINFER,False,gsm8k,4,2,35,500,0.0,0.0,0.2498,69.54
fa7996fe5764f060,none,bf16,fp8_e4m3,FLASHINFER,False,gsm8k,4,2,35,1000,0.0,0.0,0.2498,69.54
fa7996fe5764f060,none,bf16,fp8_e4m3,FLASHINFER,False,gsm8k,4,2,50,200,0.0,0.0,0.2498,69.54
fa7996fe5764f060,none,bf16,fp8_e4m3,FLASHINFER,False,gsm8k,4,2,50,500,0.0,0.0,0.2498,69.54
fa7996fe5764f060,none,bf16,fp8_e4m3,FLASHINFER,False,gsm8k,4,2,50,1000,0.0,0.0,0.2498,69.54
fa7996fe5764f060,none,bf16,fp8_e4m3,FLASHINFER,False,gsm8k,4,2,75,200,0.0,0.0,0.2498,69.54
fa7996fe5764f060,none,bf16,fp8_e4m3,FLASHINFER,False,gsm8k,4,2,75,500,0.0,0.0,0.2498,69.54
fa7996fe5764f060,none,bf16,fp8_e4m3,FLASHINFER,False,gsm8k,4,2,75,1000,0.0,0.0,0.2498,69.54
fa7996fe5764f060,none,bf16,fp8_e4m3,FLASHINFER,False,gsm8k,16,0,20,200,0.0,0.0,0.9626,259.39
fa7996fe5764f060,none,bf16,fp8_e4m3,FLASHINFER,False,gsm8k,16,0,20,500,0.0,0.0,0.9626,259.39
fa7996fe5764f060,none,bf16,fp8_e4m3,FLASHINFER,False,gsm8k,16,0,20,1000,0.0,0.0,0.9626,259.39
fa7996fe5764f060,none,bf16,fp8_e4m3,FLASHINFER,False,gsm8k,16,0,35,200,0.0,0.0,0.9626,259.39
fa7996fe5764f060,none,bf16,fp8_e4m3,FLASHINFER,False,gsm8k,16,0,35,500,0.0,0.0,0.9626,259.39
fa7996fe5764f060,none,bf16,fp8_e4m3,FLASHINFER,False,gsm8k,16,0,35,1000,0.0,0.0,0.9626,259.39
fa7996fe5764f060,none,bf16,fp8_e4m3,FLASHINFER,False,gsm8k,16,0,50,200,0.0,0.0,0.9626,259.39
fa7996fe5764f060,none,bf16,fp8_e4m3,FLASHINFER,False,gsm8k,16,0,50,500,0.0,0.0,0.9626,259.39
fa7996fe5764f060,none,bf16,fp8_e4m3,FLASHINFER,False,gsm8k,16,0,50,1000,0.0,0.0,0.9626,259.39
fa7996fe5764f060,none,bf16,fp8_e4m3,FLASHINFER,False,gsm8k,16,0,75,200,0.0,0.0,0.9626,259.39
fa7996fe5764f060,none,bf16,fp8_e4m3,FLASHINFER,False,gsm8k,16,0,75,500,0.0,0.0,0.9626,259.39
fa7996fe5764f060,none,bf16,fp8_e4m3,FLASHINFER,False,gsm8k,16,0,75,1000,0.0,0.0,0.9626,259.39
fa7996fe5764f060,none,bf16,fp8_e4m3,FLASHINFER,False,gsm8k,16,1,20,200,0.0,0.0,1.0881,260.41
fa7996fe5764f060,none,bf16,fp8_e4m3,FLASHINFER,False,gsm8k,16,1,20,500,0.0,0.0,1.0881,260.41
fa7996fe5764f060,none,bf16,fp8_e4m3,FLASHINFER,False,gsm8k,16,1,20,1000,0.0,0.0,1.0881,260.41
fa7996fe5764f060,none,bf16,fp8_e4m3,FLASHINFER,False,gsm8k,16,1,35,200,0.0,0.0,1.0881,260.41
fa7996fe5764f060,none,bf16,fp8_e4m3,FLASHINFER,False,gsm8k,16,1,35,500,0.0,0.0,1.0881,260.41
fa7996fe5764f060,none,bf16,fp8_e4m3,FLASHINFER,False,gsm8k,16,1,35,1000,0.0,0.0,1.0881,260.41
fa7996fe5764f060,none,bf16,fp8_e4m3,FLASHINFER,False,gsm8k,16,1,50,200,0.0,0.0,1.0881,260.41
fa7996fe5764f060,none,bf16,fp8_e4m3,FLASHINFER,False,gsm8k,16,1,50,500,0.0,0.0,1.0881,260.41
fa7996fe5764f060,none,bf16,fp8_e4m3,FLASHINFER,False,gsm8k,16,1,50,1000,0.0,0.0,1.0881,260.41
fa7996fe5764f060,none,bf16,fp8_e4m3,FLASHINFER,False,gsm8k,16,1,75,200,0.0,0.0,1.0881,260.41
fa7996fe5764f060,none,bf16,fp8_e4m3,FLASHINFER,False,gsm8k,16,1,75,500,0.0,0.0,1.0881,260.41
fa7996fe5764f060,none,bf16,fp8_e4m3,FLASHINFER,False,gsm8k,16,1,75,1000,0.0,0.0,1.0881,260.41
fa7996fe5764f060,none,bf16,fp8_e4m3,FLASHINFER,False,gsm8k,16,2,20,200,0.0,0.0,0.9801,253.47
fa7996fe5764f060,none,bf16,fp8_e4m3,FLASHINFER,False,gsm8k,16,2,20,500,0.0,0.0,0.9801,253.47
fa7996fe5764f060,none,bf16,fp8_e4m3,FLASHINFER,False,gsm8k,16,2,20,1000,0.0,0.0,0.9801,253.47
fa7996fe5764f060,none,bf16,fp8_e4m3,FLASHINFER,False,gsm8k,16,2,35,200,0.0,0.0,0.9801,253.47
fa7996fe5764f060,none,bf16,fp8_e4m3,FLASHINFER,False,gsm8k,16,2,35,500,0.0,0.0,0.9801,253.47
fa7996fe5764f060,none,bf16,fp8_e4m3,FLASHINFER,False,gsm8k,16,2,35,1000,0.0,0.0,0.9801,253.47
fa7996fe5764f060,none,bf16,fp8_e4m3,FLASHINFER,False,gsm8k,16,2,50,200,0.0,0.0,0.9801,253.47
fa7996fe5764f060,none,bf16,fp8_e4m3,FLASHINFER,False,gsm8k,16,2,50,500,0.0,0.0,0.9801,253.47
fa7996fe5764f060,none,bf16,fp8_e4m3,FLASHINFER,False,gsm8k,16,2,50,1000,0.0,0.0,0.9801,253.47
fa7996fe5764f060,none,bf16,fp8_e4m3,FLASHINFER,False,gsm8k,16,2,75,200,0.0,0.0,0.9801,253.47
fa7996fe5764f060,none,bf16,fp8_e4m3,FLASHINFER,False,gsm8k,16,2,75,500,0.0,0.0,0.9801,253.47
fa7996fe5764f060,none,bf16,fp8_e4m3,FLASHINFER,False,gsm8k,16,2,75,1000,0.0,0.0,0.9801,253.47
fa7996fe5764f060,none,bf16,fp8_e4m3,FLASHINFER,False,gsm8k,64,0,20,200,0.0,0.0,2.7596,722.58
fa7996fe5764f060,none,bf16,fp8_e4m3,FLASHINFER,False,gsm8k,64,0,20,500,0.0,0.0,2.7596,722.58
fa7996fe5764f060,none,bf16,fp8_e4m3,FLASHINFER,False,gsm8k,64,0,20,1000,0.0,0.0,2.7596,722.58
fa7996fe5764f060,none,bf16,fp8_e4m3,FLASHINFER,False,gsm8k,64,0,35,200,0.0,0.0,2.7596,722.58
fa7996fe5764f060,none,bf16,fp8_e4m3,FLASHINFER,False,gsm8k,64,0,35,500,0.0,0.0,2.7596,722.58
fa7996fe5764f060,none,bf16,fp8_e4m3,FLASHINFER,False,gsm8k,64,0,35,1000,0.0,0.0,2.7596,722.58
fa7996fe5764f060,none,bf16,fp8_e4m3,FLASHINFER,False,gsm8k,64,0,50,200,0.0,0.0,2.7596,722.58
fa7996fe5764f060,none,bf16,fp8_e4m3,FLASHINFER,False,gsm8k,64,0,50,500,0.0,0.0,2.7596,722.58
fa7996fe5764f060,none,bf16,fp8_e4m3,FLASHINFER,False,gsm8k,64,0,50,1000,0.0,0.0,2.7596,722.58
fa7996fe5764f060,none,bf16,fp8_e4m3,FLASHINFER,False,gsm8k,64,0,75,200,0.0,0.0,2.7596,722.58
fa7996fe5764f060,none,bf16,fp8_e4m3,FLASHINFER,False,gsm8k,64,0,75,500,0.0,0.0,2.7596,722.58
fa7996fe5764f060,none,bf16,fp8_e4m3,FLASHINFER,False,gsm8k,64,0,75,1000,0.0,0.0,2.7596,722.58
fa7996fe5764f060,none,bf16,fp8_e4m3,FLASHINFER,False,gsm8k,64,1,20,200,0.0,0.0,2.7307,669.89
fa7996fe5764f060,none,bf16,fp8_e4m3,FLASHINFER,False,gsm8k,64,1,20,500,0.0,0.0,2.7307,669.89
fa7996fe5764f060,none,bf16,fp8_e4m3,FLASHINFER,False,gsm8k,64,1,20,1000,0.0,0.0,2.7307,669.89
fa7996fe5764f060,none,bf16,fp8_e4m3,FLASHINFER,False,gsm8k,64,1,35,200,0.0,0.0,2.7307,669.89
fa7996fe5764f060,none,bf16,fp8_e4m3,FLASHINFER,False,gsm8k,64,1,35,500,0.0,0.0,2.7307,669.89
fa7996fe5764f060,none,bf16,fp8_e4m3,FLASHINFER,False,gsm8k,64,1,35,1000,0.0,0.0,2.7307,669.89
fa7996fe5764f060,none,bf16,fp8_e4m3,FLASHINFER,False,gsm8k,64,1,50,200,0.0,0.0,2.7307,669.89
fa7996fe5764f060,none,bf16,fp8_e4m3,FLASHINFER,False,gsm8k,64,1,50,500,0.0,0.0,2.7307,669.89
fa7996fe5764f060,none,bf16,fp8_e4m3,FLASHINFER,False,gsm8k,64,1,50,1000,0.0,0.0,2.7307,669.89
fa7996fe5764f060,none,bf16,fp8_e4m3,FLASHINFER,False,gsm8k,64,1,75,200,0.0,0.0,2.7307,669.89
fa7996fe5764f060,none,bf16,fp8_e4m3,FLASHINFER,False,gsm8k,64,1,75,500,0.0,0.0,2.7307,669.89
fa7996fe5764f060,none,bf16,fp8_e4m3,FLASHINFER,False,gsm8k,64,1,75,1000,0.0,0.0,2.7307,669.89
fa7996fe5764f060,none,bf16,fp8_e4m3,FLASHINFER,False,gsm8k,64,2,20,200,0.0,0.0,3.1292,794.39
fa7996fe5764f060,none,bf16,fp8_e4m3,FLASHINFER,False,gsm8k,64,2,20,500,0.0,0.0,3.1292,794.39
fa7996fe5764f060,none,bf16,fp8_e4m3,FLASHINFER,False,gsm8k,64,2,20,1000,0.0,0.0,3.1292,794.39
fa7996fe5764f060,none,bf16,fp8_e4m3,FLASHINFER,False,gsm8k,64,2,35,200,0.0,0.0,3.1292,794.39
fa7996fe5764f060,none,bf16,fp8_e4m3,FLASHINFER,False,gsm8k,64,2,35,500,0.0,0.0,3.1292,794.39
fa7996fe5764f060,none,bf16,fp8_e4m3,FLASHINFER,False,gsm8k,64,2,35,1000,0.0,0.0,3.1292,794.39
fa7996fe5764f060,none,bf16,fp8_e4m3,FLASHINFER,False,gsm8k,64,2,50,200,0.0,0.0,3.1292,794.39
fa7996fe5764f060,none,bf16,fp8_e4m3,FLASHINFER,False,gsm8k,64,2,50,500,0.0,0.0,3.1292,794.39
fa7996fe5764f060,none,bf16,fp8_e4m3,FLASHINFER,False,gsm8k,64,2,50,1000,0.0,0.0,3.1292,794.39
fa7996fe5764f060,none,bf16,fp8_e4m3,FLASHINFER,False,gsm8k,64,2,75,200,0.0,0.0,3.1292,794.39
fa7996fe5764f060,none,bf16,fp8_e4m3,FLASHINFER,False,gsm8k,64,2,75,500,0.0,0.0,3.1292,794.39
fa7996fe5764f060,none,bf16,fp8_e4m3,FLASHINFER,False,gsm8k,64,2,75,1000,0.0,0.0,3.1292,794.39
28971d07bc676138,none,bf16,fp8_e4m3,FLASHINFER,True,gsm8k,1,0,20,200,0.0,,0.1112,24.87
28971d07bc676138,none,bf16,fp8_e4m3,FLASHINFER,True,gsm8k,1,0,20,500,0.0,,0.1112,24.87
28971d07bc676138,none,bf16,fp8_e4m3,FLASHINFER,True,gsm8k,1,0,20,1000,0.0,,0.1112,24.87
28971d07bc676138,none,bf16,fp8_e4m3,FLASHINFER,True,gsm8k,1,0,35,200,0.0,,0.1112,24.87
28971d07bc676138,none,bf16,fp8_e4m3,FLASHINFER,True,gsm8k,1,0,35,500,0.0,,0.1112,24.87
28971d07bc676138,none,bf16,fp8_e4m3,FLASHINFER,True,gsm8k,1,0,35,1000,0.0,,0.1112,24.87
28971d07bc676138,none,bf16,fp8_e4m3,FLASHINFER,True,gsm8k,1,0,50,200,0.0,,0.1112,24.87
28971d07bc676138,none,bf16,fp8_e4m3,FLASHINFER,True,gsm8k,1,0,50,500,0.0,,0.1112,24.87
28971d07bc676138,none,bf16,fp8_e4m3,FLASHINFER,True,gsm8k,1,0,50,1000,0.0,,0.1112,24.87
28971d07bc676138,none,bf16,fp8_e4m3,FLASHINFER,True,gsm8k,1,0,75,200,0.0,,0.1112,24.87
28971d07bc676138,none,bf16,fp8_e4m3,FLASHINFER,True,gsm8k,1,0,75,500,0.0,,0.1112,24.87
28971d07bc676138,none,bf16,fp8_e4m3,FLASHINFER,True,gsm8k,1,0,75,1000,0.0,,0.1112,24.87
28971d07bc676138,none,bf16,fp8_e4m3,FLASHINFER,True,gsm8k,1,1,20,200,0.0,,0.0967,25.95
28971d07bc676138,none,bf16,fp8_e4m3,FLASHINFER,True,gsm8k,1,1,20,500,0.0,,0.0967,25.95
28971d07bc676138,none,bf16,fp8_e4m3,FLASHINFER,True,gsm8k,1,1,20,1000,0.0,,0.0967,25.95
28971d07bc676138,none,bf16,fp8_e4m3,FLASHINFER,True,gsm8k,1,1,35,200,0.0,,0.0967,25.95
28971d07bc676138,none,bf16,fp8_e4m3,FLASHINFER,True,gsm8k,1,1,35,500,0.0,,0.0967,25.95
28971d07bc676138,none,bf16,fp8_e4m3,FLASHINFER,True,gsm8k,1,1,35,1000,0.0,,0.0967,25.95
28971d07bc676138,none,bf16,fp8_e4m3,FLASHINFER,True,gsm8k,1,1,50,200,0.0,,0.0967,25.95
28971d07bc676138,none,bf16,fp8_e4m3,FLASHINFER,True,gsm8k,1,1,50,500,0.0,,0.0967,25.95
28971d07bc676138,none,bf16,fp8_e4m3,FLASHINFER,True,gsm8k,1,1,50,1000,0.0,,0.0967,25.95
28971d07bc676138,none,bf16,fp8_e4m3,FLASHINFER,True,gsm8k,1,1,75,200,0.0,,0.0967,25.95
28971d07bc676138,none,bf16,fp8_e4m3,FLASHINFER,True,gsm8k,1,1,75,500,0.0,,0.0967,25.95
28971d07bc676138,none,bf16,fp8_e4m3,FLASHINFER,True,gsm8k,1,1,75,1000,0.0,,0.0967,25.95
28971d07bc676138,none,bf16,fp8_e4m3,FLASHINFER,True,gsm8k,16,0,20,200,0.0,,1.0317,274.48
28971d07bc676138,none,bf16,fp8_e4m3,FLASHINFER,True,gsm8k,16,0,20,500,0.0,,1.0317,274.48
28971d07bc676138,none,bf16,fp8_e4m3,FLASHINFER,True,gsm8k,16,0,20,1000,0.0,,1.0317,274.48
28971d07bc676138,none,bf16,fp8_e4m3,FLASHINFER,True,gsm8k,16,0,35,200,0.0,,1.0317,274.48
28971d07bc676138,none,bf16,fp8_e4m3,FLASHINFER,True,gsm8k,16,0,35,500,0.0,,1.0317,274.48
28971d07bc676138,none,bf16,fp8_e4m3,FLASHINFER,True,gsm8k,16,0,35,1000,0.0,,1.0317,274.48
28971d07bc676138,none,bf16,fp8_e4m3,FLASHINFER,True,gsm8k,16,0,50,200,0.0,,1.0317,274.48
28971d07bc676138,none,bf16,fp8_e4m3,FLASHINFER,True,gsm8k,16,0,50,500,0.0,,1.0317,274.48
28971d07bc676138,none,bf16,fp8_e4m3,FLASHINFER,True,gsm8k,16,0,50,1000,0.0,,1.0317,274.48
28971d07bc676138,none,bf16,fp8_e4m3,FLASHINFER,True,gsm8k,16,0,75,200,0.0,,1.0317,274.48
28971d07bc676138,none,bf16,fp8_e4m3,FLASHINFER,True,gsm8k,16,0,75,500,0.0,,1.0317,274.48
28971d07bc676138,none,bf16,fp8_e4m3,FLASHINFER,True,gsm8k,16,0,75,1000,0.0,,1.0317,274.48
28971d07bc676138,none,bf16,fp8_e4m3,FLASHINFER,True,gsm8k,16,1,20,200,0.0,,1.0725,254.87
28971d07bc676138,none,bf16,fp8_e4m3,FLASHINFER,True,gsm8k,16,1,20,500,0.0,,1.0725,254.87
28971d07bc676138,none,bf16,fp8_e4m3,FLASHINFER,True,gsm8k,16,1,20,1000,0.0,,1.0725,254.87
28971d07bc676138,none,bf16,fp8_e4m3,FLASHINFER,True,gsm8k,16,1,35,200,0.0,,1.0725,254.87
28971d07bc676138,none,bf16,fp8_e4m3,FLASHINFER,True,gsm8k,16,1,35,500,0.0,,1.0725,254.87
28971d07bc676138,none,bf16,fp8_e4m3,FLASHINFER,True,gsm8k,16,1,35,1000,0.0,,1.0725,254.87
28971d07bc676138,none,bf16,fp8_e4m3,FLASHINFER,True,gsm8k,16,1,50,200,0.0,,1.0725,254.87
28971d07bc676138,none,bf16,fp8_e4m3,FLASHINFER,True,gsm8k,16,1,50,500,0.0,,1.0725,254.87
28971d07bc676138,none,bf16,fp8_e4m3,FLASHINFER,True,gsm8k,16,1,50,1000,0.0,,1.0725,254.87
28971d07bc676138,none,bf16,fp8_e4m3,FLASHINFER,True,gsm8k,16,1,75,200,0.0,,1.0725,254.87
28971d07bc676138,none,bf16,fp8_e4m3,FLASHINFER,True,gsm8k,16,1,75,500,0.0,,1.0725,254.87
28971d07bc676138,none,bf16,fp8_e4m3,FLASHINFER,True,gsm8k,16,1,75,1000,0.0,,1.0725,254.87
28971d07bc676138,none,bf16,fp8_e4m3,FLASHINFER,True,gsm8k,64,0,20,200,0.0,,3.4053,883.21
28971d07bc676138,none,bf16,fp8_e4m3,FLASHINFER,True,gsm8k,64,0,20,500,0.0,,3.4053,883.21
28971d07bc676138,none,bf16,fp8_e4m3,FLASHINFER,True,gsm8k,64,0,20,1000,0.0,,3.4053,883.21
28971d07bc676138,none,bf16,fp8_e4m3,FLASHINFER,True,gsm8k,64,0,35,200,0.0,,3.4053,883.21
28971d07bc676138,none,bf16,fp8_e4m3,FLASHINFER,True,gsm8k,64,0,35,500,0.0,,3.4053,883.21
28971d07bc676138,none,bf16,fp8_e4m3,FLASHINFER,True,gsm8k,64,0,35,1000,0.0,,3.4053,883.21
28971d07bc676138,none,bf16,fp8_e4m3,FLASHINFER,True,gsm8k,64,0,50,200,0.0,,3.4053,883.21
28971d07bc676138,none,bf16,fp8_e4m3,FLASHINFER,True,gsm8k,64,0,50,500,0.0,,3.4053,883.21
28971d07bc676138,none,bf16,fp8_e4m3,FLASHINFER,True,gsm8k,64,0,50,1000,0.0,,3.4053,883.21
28971d07bc676138,none,bf16,fp8_e4m3,FLASHINFER,True,gsm8k,64,0,75,200,0.0,,3.4053,883.21
28971d07bc676138,none,bf16,fp8_e4m3,FLASHINFER,True,gsm8k,64,0,75,500,0.0,,3.4053,883.21
28971d07bc676138,none,bf16,fp8_e4m3,FLASHINFER,True,gsm8k,64,0,75,1000,0.0,,3.4053,883.21
28971d07bc676138,none,bf16,fp8_e4m3,FLASHINFER,True,gsm8k,64,1,20,200,0.0,,3.2754,797.12
28971d07bc676138,none,bf16,fp8_e4m3,FLASHINFER,True,gsm8k,64,1,20,500,0.0,,3.2754,797.12
28971d07bc676138,none,bf16,fp8_e4m3,FLASHINFER,True,gsm8k,64,1,20,1000,0.0,,3.2754,797.12
28971d07bc676138,none,bf16,fp8_e4m3,FLASHINFER,True,gsm8k,64,1,35,200,0.0,,3.2754,797.12
28971d07bc676138,none,bf16,fp8_e4m3,FLASHINFER,True,gsm8k,64,1,35,500,0.0,,3.2754,797.12
28971d07bc676138,none,bf16,fp8_e4m3,FLASHINFER,True,gsm8k,64,1,35,1000,0.0,,3.2754,797.12
28971d07bc676138,none,bf16,fp8_e4m3,FLASHINFER,True,gsm8k,64,1,50,200,0.0,,3.2754,797.12
28971d07bc676138,none,bf16,fp8_e4m3,FLASHINFER,True,gsm8k,64,1,50,500,0.0,,3.2754,797.12
28971d07bc676138,none,bf16,fp8_e4m3,FLASHINFER,True,gsm8k,64,1,50,1000,0.0,,3.2754,797.12
28971d07bc676138,none,bf16,fp8_e4m3,FLASHINFER,True,gsm8k,64,1,75,200,0.0,,3.2754,797.12
28971d07bc676138,none,bf16,fp8_e4m3,FLASHINFER,True,gsm8k,64,1,75,500,0.0,,3.2754,797.12
28971d07bc676138,none,bf16,fp8_e4m3,FLASHINFER,True,gsm8k,64,1,75,1000,0.0,,3.2754,797.12
551ab2aa2e3b1cc5,dflash,fp8,fp8_e4m3,FLASHINFER,False,gsm8k,1,0,20,200,0.0,,0.414,103.57
551ab2aa2e3b1cc5,dflash,fp8,fp8_e4m3,FLASHINFER,False,gsm8k,1,0,20,500,0.0,,0.414,103.57
551ab2aa2e3b1cc5,dflash,fp8,fp8_e4m3,FLASHINFER,False,gsm8k,1,0,20,1000,0.0,,0.414,103.57
551ab2aa2e3b1cc5,dflash,fp8,fp8_e4m3,FLASHINFER,False,gsm8k,1,0,35,200,0.0,,0.414,103.57
551ab2aa2e3b1cc5,dflash,fp8,fp8_e4m3,FLASHINFER,False,gsm8k,1,0,35,500,0.0,,0.414,103.57
551ab2aa2e3b1cc5,dflash,fp8,fp8_e4m3,FLASHINFER,False,gsm8k,1,0,35,1000,0.0,,0.414,103.57
551ab2aa2e3b1cc5,dflash,fp8,fp8_e4m3,FLASHINFER,False,gsm8k,1,0,50,200,0.0,,0.414,103.57
551ab2aa2e3b1cc5,dflash,fp8,fp8_e4m3,FLASHINFER,False,gsm8k,1,0,50,500,0.0,,0.414,103.57
551ab2aa2e3b1cc5,dflash,fp8,fp8_e4m3,FLASHINFER,False,gsm8k,1,0,50,1000,0.0,,0.414,103.57
551ab2aa2e3b1cc5,dflash,fp8,fp8_e4m3,FLASHINFER,False,gsm8k,1,0,75,200,0.0,,0.414,103.57
551ab2aa2e3b1cc5,dflash,fp8,fp8_e4m3,FLASHINFER,False,gsm8k,1,0,75,500,0.0,,0.414,103.57
551ab2aa2e3b1cc5,dflash,fp8,fp8_e4m3,FLASHINFER,False,gsm8k,1,0,75,1000,0.0,,0.414,103.57
551ab2aa2e3b1cc5,dflash,fp8,fp8_e4m3,FLASHINFER,False,gsm8k,1,1,20,200,0.0,,0.4244,115.46
551ab2aa2e3b1cc5,dflash,fp8,fp8_e4m3,FLASHINFER,False,gsm8k,1,1,20,500,0.0,,0.4244,115.46
551ab2aa2e3b1cc5,dflash,fp8,fp8_e4m3,FLASHINFER,False,gsm8k,1,1,20,1000,0.0,,0.4244,115.46
551ab2aa2e3b1cc5,dflash,fp8,fp8_e4m3,FLASHINFER,False,gsm8k,1,1,35,200,0.0,,0.4244,115.46
551ab2aa2e3b1cc5,dflash,fp8,fp8_e4m3,FLASHINFER,False,gsm8k,1,1,35,500,0.0,,0.4244,115.46
551ab2aa2e3b1cc5,dflash,fp8,fp8_e4m3,FLASHINFER,False,gsm8k,1,1,35,1000,0.0,,0.4244,115.46
551ab2aa2e3b1cc5,dflash,fp8,fp8_e4m3,FLASHINFER,False,gsm8k,1,1,50,200,0.0,,0.4244,115.46
551ab2aa2e3b1cc5,dflash,fp8,fp8_e4m3,FLASHINFER,False,gsm8k,1,1,50,500,0.0,,0.4244,115.46
551ab2aa2e3b1cc5,dflash,fp8,fp8_e4m3,FLASHINFER,False,gsm8k,1,1,50,1000,0.0,,0.4244,115.46
551ab2aa2e3b1cc5,dflash,fp8,fp8_e4m3,FLASHINFER,False,gsm8k,1,1,75,200,0.0,,0.4244,115.46
551ab2aa2e3b1cc5,dflash,fp8,fp8_e4m3,FLASHINFER,False,gsm8k,1,1,75,500,0.0,,0.4244,115.46
551ab2aa2e3b1cc5,dflash,fp8,fp8_e4m3,FLASHINFER,False,gsm8k,1,1,75,1000,0.0,,0.4244,115.46
551ab2aa2e3b1cc5,dflash,fp8,fp8_e4m3,FLASHINFER,False,gsm8k,16,0,20,200,0.0,,3.822,1010.44
551ab2aa2e3b1cc5,dflash,fp8,fp8_e4m3,FLASHINFER,False,gsm8k,16,0,20,500,0.0,,3.822,1010.44
551ab2aa2e3b1cc5,dflash,fp8,fp8_e4m3,FLASHINFER,False,gsm8k,16,0,20,1000,0.0,,3.822,1010.44
551ab2aa2e3b1cc5,dflash,fp8,fp8_e4m3,FLASHINFER,False,gsm8k,16,0,35,200,0.0,,3.822,1010.44
551ab2aa2e3b1cc5,dflash,fp8,fp8_e4m3,FLASHINFER,False,gsm8k,16,0,35,500,0.0,,3.822,1010.44
551ab2aa2e3b1cc5,dflash,fp8,fp8_e4m3,FLASHINFER,False,gsm8k,16,0,35,1000,0.0,,3.822,1010.44
551ab2aa2e3b1cc5,dflash,fp8,fp8_e4m3,FLASHINFER,False,gsm8k,16,0,50,200,0.0,,3.822,1010.44
551ab2aa2e3b1cc5,dflash,fp8,fp8_e4m3,FLASHINFER,False,gsm8k,16,0,50,500,0.0,,3.822,1010.44
551ab2aa2e3b1cc5,dflash,fp8,fp8_e4m3,FLASHINFER,False,gsm8k,16,0,50,1000,0.0,,3.822,1010.44
551ab2aa2e3b1cc5,dflash,fp8,fp8_e4m3,FLASHINFER,False,gsm8k,16,0,75,200,0.0,,3.822,1010.44
551ab2aa2e3b1cc5,dflash,fp8,fp8_e4m3,FLASHINFER,False,gsm8k,16,0,75,500,0.0,,3.822,1010.44
551ab2aa2e3b1cc5,dflash,fp8,fp8_e4m3,FLASHINFER,False,gsm8k,16,0,75,1000,0.0,,3.822,1010.44
551ab2aa2e3b1cc5,dflash,fp8,fp8_e4m3,FLASHINFER,False,gsm8k,16,1,20,200,0.0,,4.0291,1007.21
551ab2aa2e3b1cc5,dflash,fp8,fp8_e4m3,FLASHINFER,False,gsm8k,16,1,20,500,0.0,,4.0291,1007.21
551ab2aa2e3b1cc5,dflash,fp8,fp8_e4m3,FLASHINFER,False,gsm8k,16,1,20,1000,0.0,,4.0291,1007.21
551ab2aa2e3b1cc5,dflash,fp8,fp8_e4m3,FLASHINFER,False,gsm8k,16,1,35,200,0.0,,4.0291,1007.21
551ab2aa2e3b1cc5,dflash,fp8,fp8_e4m3,FLASHINFER,False,gsm8k,16,1,35,500,0.0,,4.0291,1007.21
551ab2aa2e3b1cc5,dflash,fp8,fp8_e4m3,FLASHINFER,False,gsm8k,16,1,35,1000,0.0,,4.0291,1007.21
551ab2aa2e3b1cc5,dflash,fp8,fp8_e4m3,FLASHINFER,False,gsm8k,16,1,50,200,0.0,,4.0291,1007.21
551ab2aa2e3b1cc5,dflash,fp8,fp8_e4m3,FLASHINFER,False,gsm8k,16,1,50,500,0.0,,4.0291,1007.21
551ab2aa2e3b1cc5,dflash,fp8,fp8_e4m3,FLASHINFER,False,gsm8k,16,1,50,1000,0.0,,4.0291,1007.21
551ab2aa2e3b1cc5,dflash,fp8,fp8_e4m3,FLASHINFER,False,gsm8k,16,1,75,200,0.0,,4.0291,1007.21
551ab2aa2e3b1cc5,dflash,fp8,fp8_e4m3,FLASHINFER,False,gsm8k,16,1,75,500,0.0,,4.0291,1007.21
551ab2aa2e3b1cc5,dflash,fp8,fp8_e4m3,FLASHINFER,False,gsm8k,16,1,75,1000,0.0,,4.0291,1007.21
551ab2aa2e3b1cc5,dflash,fp8,fp8_e4m3,FLASHINFER,False,gsm8k,64,0,20,200,0.0,,8.4043,2219.64
551ab2aa2e3b1cc5,dflash,fp8,fp8_e4m3,FLASHINFER,False,gsm8k,64,0,20,500,0.0,,8.4043,2219.64
551ab2aa2e3b1cc5,dflash,fp8,fp8_e4m3,FLASHINFER,False,gsm8k,64,0,20,1000,0.0,,8.4043,2219.64
551ab2aa2e3b1cc5,dflash,fp8,fp8_e4m3,FLASHINFER,False,gsm8k,64,0,35,200,0.0,,8.4043,2219.64
551ab2aa2e3b1cc5,dflash,fp8,fp8_e4m3,FLASHINFER,False,gsm8k,64,0,35,500,0.0,,8.4043,2219.64
551ab2aa2e3b1cc5,dflash,fp8,fp8_e4m3,FLASHINFER,False,gsm8k,64,0,35,1000,0.0,,8.4043,2219.64
551ab2aa2e3b1cc5,dflash,fp8,fp8_e4m3,FLASHINFER,False,gsm8k,64,0,50,200,0.0,,8.4043,2219.64
551ab2aa2e3b1cc5,dflash,fp8,fp8_e4m3,FLASHINFER,False,gsm8k,64,0,50,500,0.0,,8.4043,2219.64
551ab2aa2e3b1cc5,dflash,fp8,fp8_e4m3,FLASHINFER,False,gsm8k,64,0,50,1000,0.0,,8.4043,2219.64
551ab2aa2e3b1cc5,dflash,fp8,fp8_e4m3,FLASHINFER,False,gsm8k,64,0,75,200,0.0,,8.4043,2219.64
551ab2aa2e3b1cc5,dflash,fp8,fp8_e4m3,FLASHINFER,False,gsm8k,64,0,75,500,0.0,,8.4043,2219.64
551ab2aa2e3b1cc5,dflash,fp8,fp8_e4m3,FLASHINFER,False,gsm8k,64,0,75,1000,0.0,,8.4043,2219.64
551ab2aa2e3b1cc5,dflash,fp8,fp8_e4m3,FLASHINFER,False,gsm8k,64,1,20,200,0.0,,8.2784,2051.71
551ab2aa2e3b1cc5,dflash,fp8,fp8_e4m3,FLASHINFER,False,gsm8k,64,1,20,500,0.0,,8.2784,2051.71
551ab2aa2e3b1cc5,dflash,fp8,fp8_e4m3,FLASHINFER,False,gsm8k,64,1,20,1000,0.0,,8.2784,2051.71
551ab2aa2e3b1cc5,dflash,fp8,fp8_e4m3,FLASHINFER,False,gsm8k,64,1,35,200,0.0,,8.2784,2051.71
551ab2aa2e3b1cc5,dflash,fp8,fp8_e4m3,FLASHINFER,False,gsm8k,64,1,35,500,0.0,,8.2784,2051.71
551ab2aa2e3b1cc5,dflash,fp8,fp8_e4m3,FLASHINFER,False,gsm8k,64,1,35,1000,0.0,,8.2784,2051.71
551ab2aa2e3b1cc5,dflash,fp8,fp8_e4m3,FLASHINFER,False,gsm8k,64,1,50,200,0.0,,8.2784,2051.71
551ab2aa2e3b1cc5,dflash,fp8,fp8_e4m3,FLASHINFER,False,gsm8k,64,1,50,500,0.0,,8.2784,2051.71
551ab2aa2e3b1cc5,dflash,fp8,fp8_e4m3,FLASHINFER,False,gsm8k,64,1,50,1000,0.0,,8.2784,2051.71
551ab2aa2e3b1cc5,dflash,fp8,fp8_e4m3,FLASHINFER,False,gsm8k,64,1,75,200,0.0,,8.2784,2051.71
551ab2aa2e3b1cc5,dflash,fp8,fp8_e4m3,FLASHINFER,False,gsm8k,64,1,75,500,0.0,,8.2784,2051.71
551ab2aa2e3b1cc5,dflash,fp8,fp8_e4m3,FLASHINFER,False,gsm8k,64,1,75,1000,0.0,,8.2784,2051.71
5824814b68901229,dflash,bf16,fp8_e4m3,FLASHINFER,False,gsm8k,1,0,20,200,0.0,,0.2877,64.89
5824814b68901229,dflash,bf16,fp8_e4m3,FLASHINFER,False,gsm8k,1,0,20,500,0.0,,0.2877,64.89
5824814b68901229,dflash,bf16,fp8_e4m3,FLASHINFER,False,gsm8k,1,0,20,1000,0.0,,0.2877,64.89
5824814b68901229,dflash,bf16,fp8_e4m3,FLASHINFER,False,gsm8k,1,0,35,200,0.0,,0.2877,64.89
5824814b68901229,dflash,bf16,fp8_e4m3,FLASHINFER,False,gsm8k,1,0,35,500,0.0,,0.2877,64.89
5824814b68901229,dflash,bf16,fp8_e4m3,FLASHINFER,False,gsm8k,1,0,35,1000,0.0,,0.2877,64.89
5824814b68901229,dflash,bf16,fp8_e4m3,FLASHINFER,False,gsm8k,1,0,50,200,0.0,,0.2877,64.89
5824814b68901229,dflash,bf16,fp8_e4m3,FLASHINFER,False,gsm8k,1,0,50,500,0.0,,0.2877,64.89
5824814b68901229,dflash,bf16,fp8_e4m3,FLASHINFER,False,gsm8k,1,0,50,1000,0.0,,0.2877,64.89
5824814b68901229,dflash,bf16,fp8_e4m3,FLASHINFER,False,gsm8k,1,0,75,200,0.0,,0.2877,64.89
5824814b68901229,dflash,bf16,fp8_e4m3,FLASHINFER,False,gsm8k,1,0,75,500,0.0,,0.2877,64.89
5824814b68901229,dflash,bf16,fp8_e4m3,FLASHINFER,False,gsm8k,1,0,75,1000,0.0,,0.2877,64.89
5824814b68901229,dflash,bf16,fp8_e4m3,FLASHINFER,False,gsm8k,1,1,20,200,0.0,,0.28,71.77
5824814b68901229,dflash,bf16,fp8_e4m3,FLASHINFER,False,gsm8k,1,1,20,500,0.0,,0.28,71.77
5824814b68901229,dflash,bf16,fp8_e4m3,FLASHINFER,False,gsm8k,1,1,20,1000,0.0,,0.28,71.77
5824814b68901229,dflash,bf16,fp8_e4m3,FLASHINFER,False,gsm8k,1,1,35,200,0.0,,0.28,71.77
5824814b68901229,dflash,bf16,fp8_e4m3,FLASHINFER,False,gsm8k,1,1,35,500,0.0,,0.28,71.77
5824814b68901229,dflash,bf16,fp8_e4m3,FLASHINFER,False,gsm8k,1,1,35,1000,0.0,,0.28,71.77
5824814b68901229,dflash,bf16,fp8_e4m3,FLASHINFER,False,gsm8k,1,1,50,200,0.0,,0.28,71.77
5824814b68901229,dflash,bf16,fp8_e4m3,FLASHINFER,False,gsm8k,1,1,50,500,0.0,,0.28,71.77
5824814b68901229,dflash,bf16,fp8_e4m3,FLASHINFER,False,gsm8k,1,1,50,1000,0.0,,0.28,71.77
5824814b68901229,dflash,bf16,fp8_e4m3,FLASHINFER,False,gsm8k,1,1,75,200,0.0,,0.28,71.77
5824814b68901229,dflash,bf16,fp8_e4m3,FLASHINFER,False,gsm8k,1,1,75,500,0.0,,0.28,71.77
5824814b68901229,dflash,bf16,fp8_e4m3,FLASHINFER,False,gsm8k,1,1,75,1000,0.0,,0.28,71.77
5824814b68901229,dflash,bf16,fp8_e4m3,FLASHINFER,False,gsm8k,16,0,20,200,0.0,,2.7242,727.79
5824814b68901229,dflash,bf16,fp8_e4m3,FLASHINFER,False,gsm8k,16,0,20,500,0.0,,2.7242,727.79
5824814b68901229,dflash,bf16,fp8_e4m3,FLASHINFER,False,gsm8k,16,0,20,1000,0.0,,2.7242,727.79
5824814b68901229,dflash,bf16,fp8_e4m3,FLASHINFER,False,gsm8k,16,0,35,200,0.0,,2.7242,727.79
5824814b68901229,dflash,bf16,fp8_e4m3,FLASHINFER,False,gsm8k,16,0,35,500,0.0,,2.7242,727.79
5824814b68901229,dflash,bf16,fp8_e4m3,FLASHINFER,False,gsm8k,16,0,35,1000,0.0,,2.7242,727.79
5824814b68901229,dflash,bf16,fp8_e4m3,FLASHINFER,False,gsm8k,16,0,50,200,0.0,,2.7242,727.79
5824814b68901229,dflash,bf16,fp8_e4m3,FLASHINFER,False,gsm8k,16,0,50,500,0.0,,2.7242,727.79
5824814b68901229,dflash,bf16,fp8_e4m3,FLASHINFER,False,gsm8k,16,0,50,1000,0.0,,2.7242,727.79
5824814b68901229,dflash,bf16,fp8_e4m3,FLASHINFER,False,gsm8k,16,0,75,200,0.0,,2.7242,727.79
5824814b68901229,dflash,bf16,fp8_e4m3,FLASHINFER,False,gsm8k,16,0,75,500,0.0,,2.7242,727.79
5824814b68901229,dflash,bf16,fp8_e4m3,FLASHINFER,False,gsm8k,16,0,75,1000,0.0,,2.7242,727.79
5824814b68901229,dflash,bf16,fp8_e4m3,FLASHINFER,False,gsm8k,16,1,20,200,0.0,,2.4666,603.86
5824814b68901229,dflash,bf16,fp8_e4m3,FLASHINFER,False,gsm8k,16,1,20,500,0.0,,2.4666,603.86
5824814b68901229,dflash,bf16,fp8_e4m3,FLASHINFER,False,gsm8k,16,1,20,1000,0.0,,2.4666,603.86
5824814b68901229,dflash,bf16,fp8_e4m3,FLASHINFER,False,gsm8k,16,1,35,200,0.0,,2.4666,603.86
5824814b68901229,dflash,bf16,fp8_e4m3,FLASHINFER,False,gsm8k,16,1,35,500,0.0,,2.4666,603.86
5824814b68901229,dflash,bf16,fp8_e4m3,FLASHINFER,False,gsm8k,16,1,35,1000,0.0,,2.4666,603.86
5824814b68901229,dflash,bf16,fp8_e4m3,FLASHINFER,False,gsm8k,16,1,50,200,0.0,,2.4666,603.86
5824814b68901229,dflash,bf16,fp8_e4m3,FLASHINFER,False,gsm8k,16,1,50,500,0.0,,2.4666,603.86
5824814b68901229,dflash,bf16,fp8_e4m3,FLASHINFER,False,gsm8k,16,1,50,1000,0.0,,2.4666,603.86
5824814b68901229,dflash,bf16,fp8_e4m3,FLASHINFER,False,gsm8k,16,1,75,200,0.0,,2.4666,603.86
5824814b68901229,dflash,bf16,fp8_e4m3,FLASHINFER,False,gsm8k,16,1,75,500,0.0,,2.4666,603.86
5824814b68901229,dflash,bf16,fp8_e4m3,FLASHINFER,False,gsm8k,16,1,75,1000,0.0,,2.4666,603.86
5824814b68901229,dflash,bf16,fp8_e4m3,FLASHINFER,False,gsm8k,64,0,20,200,0.0,,5.7526,1504.25
5824814b68901229,dflash,bf16,fp8_e4m3,FLASHINFER,False,gsm8k,64,0,20,500,0.0,,5.7526,1504.25
5824814b68901229,dflash,bf16,fp8_e4m3,FLASHINFER,False,gsm8k,64,0,20,1000,0.0,,5.7526,1504.25
5824814b68901229,dflash,bf16,fp8_e4m3,FLASHINFER,False,gsm8k,64,0,35,200,0.0,,5.7526,1504.25
5824814b68901229,dflash,bf16,fp8_e4m3,FLASHINFER,False,gsm8k,64,0,35,500,0.0,,5.7526,1504.25
5824814b68901229,dflash,bf16,fp8_e4m3,FLASHINFER,False,gsm8k,64,0,35,1000,0.0,,5.7526,1504.25
5824814b68901229,dflash,bf16,fp8_e4m3,FLASHINFER,False,gsm8k,64,0,50,200,0.0,,5.7526,1504.25
5824814b68901229,dflash,bf16,fp8_e4m3,FLASHINFER,False,gsm8k,64,0,50,500,0.0,,5.7526,1504.25
5824814b68901229,dflash,bf16,fp8_e4m3,FLASHINFER,False,gsm8k,64,0,50,1000,0.0,,5.7526,1504.25
5824814b68901229,dflash,bf16,fp8_e4m3,FLASHINFER,False,gsm8k,64,0,75,200,0.0,,5.7526,1504.25
5824814b68901229,dflash,bf16,fp8_e4m3,FLASHINFER,False,gsm8k,64,0,75,500,0.0,,5.7526,1504.25
5824814b68901229,dflash,bf16,fp8_e4m3,FLASHINFER,False,gsm8k,64,0,75,1000,0.0,,5.7526,1504.25
5824814b68901229,dflash,bf16,fp8_e4m3,FLASHINFER,False,gsm8k,64,1,20,200,0.0,,6.6026,1605.12
5824814b68901229,dflash,bf16,fp8_e4m3,FLASHINFER,False,gsm8k,64,1,20,500,0.0,,6.6026,1605.12
5824814b68901229,dflash,bf16,fp8_e4m3,FLASHINFER,False,gsm8k,64,1,20,1000,0.0,,6.6026,1605.12
5824814b68901229,dflash,bf16,fp8_e4m3,FLASHINFER,False,gsm8k,64,1,35,200,0.0,,6.6026,1605.12
5824814b68901229,dflash,bf16,fp8_e4m3,FLASHINFER,False,gsm8k,64,1,35,500,0.0,,6.6026,1605.12
5824814b68901229,dflash,bf16,fp8_e4m3,FLASHINFER,False,gsm8k,64,1,35,1000,0.0,,6.6026,1605.12
5824814b68901229,dflash,bf16,fp8_e4m3,FLASHINFER,False,gsm8k,64,1,50,200,0.0,,6.6026,1605.12
5824814b68901229,dflash,bf16,fp8_e4m3,FLASHINFER,False,gsm8k,64,1,50,500,0.0,,6.6026,1605.12
5824814b68901229,dflash,bf16,fp8_e4m3,FLASHINFER,False,gsm8k,64,1,50,1000,0.0,,6.6026,1605.12
5824814b68901229,dflash,bf16,fp8_e4m3,FLASHINFER,False,gsm8k,64,1,75,200,0.0,,6.6026,1605.12
5824814b68901229,dflash,bf16,fp8_e4m3,FLASHINFER,False,gsm8k,64,1,75,500,0.0,,6.6026,1605.12
5824814b68901229,dflash,bf16,fp8_e4m3,FLASHINFER,False,gsm8k,64,1,75,1000,0.0,,6.6026,1605.12
6bf93e55123d9b14,none,bf16,auto,FLASHINFER,True,gsm8k,1,0,20,200,0.0,,0.1106,25.65
6bf93e55123d9b14,none,bf16,auto,FLASHINFER,True,gsm8k,1,0,20,500,0.0,,0.1106,25.65
6bf93e55123d9b14,none,bf16,auto,FLASHINFER,True,gsm8k,1,0,20,1000,0.0,,0.1106,25.65
6bf93e55123d9b14,none,bf16,auto,FLASHINFER,True,gsm8k,1,0,35,200,0.0,,0.1106,25.65
6bf93e55123d9b14,none,bf16,auto,FLASHINFER,True,gsm8k,1,0,35,500,0.0,,0.1106,25.65
6bf93e55123d9b14,none,bf16,auto,FLASHINFER,True,gsm8k,1,0,35,1000,0.0,,0.1106,25.65
6bf93e55123d9b14,none,bf16,auto,FLASHINFER,True,gsm8k,1,0,50,200,0.0,,0.1106,25.65
6bf93e55123d9b14,none,bf16,auto,FLASHINFER,True,gsm8k,1,0,50,500,0.0,,0.1106,25.65
6bf93e55123d9b14,none,bf16,auto,FLASHINFER,True,gsm8k,1,0,50,1000,0.0,,0.1106,25.65
6bf93e55123d9b14,none,bf16,auto,FLASHINFER,True,gsm8k,1,0,75,200,0.0,,0.1106,25.65
6bf93e55123d9b14,none,bf16,auto,FLASHINFER,True,gsm8k,1,0,75,500,0.0,,0.1106,25.65
6bf93e55123d9b14,none,bf16,auto,FLASHINFER,True,gsm8k,1,0,75,1000,0.0,,0.1106,25.65
6bf93e55123d9b14,none,bf16,auto,FLASHINFER,True,gsm8k,1,1,20,200,0.0,,0.1025,25.65
6bf93e55123d9b14,none,bf16,auto,FLASHINFER,True,gsm8k,1,1,20,500,0.0,,0.1025,25.65
6bf93e55123d9b14,none,bf16,auto,FLASHINFER,True,gsm8k,1,1,20,1000,0.0,,0.1025,25.65
6bf93e55123d9b14,none,bf16,auto,FLASHINFER,True,gsm8k,1,1,35,200,0.0,,0.1025,25.65
6bf93e55123d9b14,none,bf16,auto,FLASHINFER,True,gsm8k,1,1,35,500,0.0,,0.1025,25.65
6bf93e55123d9b14,none,bf16,auto,FLASHINFER,True,gsm8k,1,1,35,1000,0.0,,0.1025,25.65
6bf93e55123d9b14,none,bf16,auto,FLASHINFER,True,gsm8k,1,1,50,200,0.0,,0.1025,25.65
6bf93e55123d9b14,none,bf16,auto,FLASHINFER,True,gsm8k,1,1,50,500,0.0,,0.1025,25.65
6bf93e55123d9b14,none,bf16,auto,FLASHINFER,True,gsm8k,1,1,50,1000,0.0,,0.1025,25.65
6bf93e55123d9b14,none,bf16,auto,FLASHINFER,True,gsm8k,1,1,75,200,0.0,,0.1025,25.65
6bf93e55123d9b14,none,bf16,auto,FLASHINFER,True,gsm8k,1,1,75,500,0.0,,0.1025,25.65
6bf93e55123d9b14,none,bf16,auto,FLASHINFER,True,gsm8k,1,1,75,1000,0.0,,0.1025,25.65
6bf93e55123d9b14,none,bf16,auto,FLASHINFER,True,gsm8k,16,0,20,200,0.0,,1.0428,270.35
6bf93e55123d9b14,none,bf16,auto,FLASHINFER,True,gsm8k,16,0,20,500,0.0,,1.0428,270.35
6bf93e55123d9b14,none,bf16,auto,FLASHINFER,True,gsm8k,16,0,20,1000,0.0,,1.0428,270.35
6bf93e55123d9b14,none,bf16,auto,FLASHINFER,True,gsm8k,16,0,35,200,0.0,,1.0428,270.35
6bf93e55123d9b14,none,bf16,auto,FLASHINFER,True,gsm8k,16,0,35,500,0.0,,1.0428,270.35
6bf93e55123d9b14,none,bf16,auto,FLASHINFER,True,gsm8k,16,0,35,1000,0.0,,1.0428,270.35
6bf93e55123d9b14,none,bf16,auto,FLASHINFER,True,gsm8k,16,0,50,200,0.0,,1.0428,270.35
6bf93e55123d9b14,none,bf16,auto,FLASHINFER,True,gsm8k,16,0,50,500,0.0,,1.0428,270.35
6bf93e55123d9b14,none,bf16,auto,FLASHINFER,True,gsm8k,16,0,50,1000,0.0,,1.0428,270.35
6bf93e55123d9b14,none,bf16,auto,FLASHINFER,True,gsm8k,16,0,75,200,0.0,,1.0428,270.35
6bf93e55123d9b14,none,bf16,auto,FLASHINFER,True,gsm8k,16,0,75,500,0.0,,1.0428,270.35
6bf93e55123d9b14,none,bf16,auto,FLASHINFER,True,gsm8k,16,0,75,1000,0.0,,1.0428,270.35
6bf93e55123d9b14,none,bf16,auto,FLASHINFER,True,gsm8k,16,1,20,200,0.0,,1.1091,261.98
6bf93e55123d9b14,none,bf16,auto,FLASHINFER,True,gsm8k,16,1,20,500,0.0,,1.1091,261.98
6bf93e55123d9b14,none,bf16,auto,FLASHINFER,True,gsm8k,16,1,20,1000,0.0,,1.1091,261.98
6bf93e55123d9b14,none,bf16,auto,FLASHINFER,True,gsm8k,16,1,35,200,0.0,,1.1091,261.98
6bf93e55123d9b14,none,bf16,auto,FLASHINFER,True,gsm8k,16,1,35,500,0.0,,1.1091,261.98
6bf93e55123d9b14,none,bf16,auto,FLASHINFER,True,gsm8k,16,1,35,1000,0.0,,1.1091,261.98
6bf93e55123d9b14,none,bf16,auto,FLASHINFER,True,gsm8k,16,1,50,200,0.0,,1.1091,261.98
6bf93e55123d9b14,none,bf16,auto,FLASHINFER,True,gsm8k,16,1,50,500,0.0,,1.1091,261.98
6bf93e55123d9b14,none,bf16,auto,FLASHINFER,True,gsm8k,16,1,50,1000,0.0,,1.1091,261.98
6bf93e55123d9b14,none,bf16,auto,FLASHINFER,True,gsm8k,16,1,75,200,0.0,,1.1091,261.98
6bf93e55123d9b14,none,bf16,auto,FLASHINFER,True,gsm8k,16,1,75,500,0.0,,1.1091,261.98
6bf93e55123d9b14,none,bf16,auto,FLASHINFER,True,gsm8k,16,1,75,1000,0.0,,1.1091,261.98
6bf93e55123d9b14,none,bf16,auto,FLASHINFER,True,gsm8k,64,0,20,200,0.0,,3.0742,801.47
6bf93e55123d9b14,none,bf16,auto,FLASHINFER,True,gsm8k,64,0,20,500,0.0,,3.0742,801.47
6bf93e55123d9b14,none,bf16,auto,FLASHINFER,True,gsm8k,64,0,20,1000,0.0,,3.0742,801.47
6bf93e55123d9b14,none,bf16,auto,FLASHINFER,True,gsm8k,64,0,35,200,0.0,,3.0742,801.47
6bf93e55123d9b14,none,bf16,auto,FLASHINFER,True,gsm8k,64,0,35,500,0.0,,3.0742,801.47
6bf93e55123d9b14,none,bf16,auto,FLASHINFER,True,gsm8k,64,0,35,1000,0.0,,3.0742,801.47
6bf93e55123d9b14,none,bf16,auto,FLASHINFER,True,gsm8k,64,0,50,200,0.0,,3.0742,801.47
6bf93e55123d9b14,none,bf16,auto,FLASHINFER,True,gsm8k,64,0,50,500,0.0,,3.0742,801.47
6bf93e55123d9b14,none,bf16,auto,FLASHINFER,True,gsm8k,64,0,50,1000,0.0,,3.0742,801.47
6bf93e55123d9b14,none,bf16,auto,FLASHINFER,True,gsm8k,64,0,75,200,0.0,,3.0742,801.47
6bf93e55123d9b14,none,bf16,auto,FLASHINFER,True,gsm8k,64,0,75,500,0.0,,3.0742,801.47
6bf93e55123d9b14,none,bf16,auto,FLASHINFER,True,gsm8k,64,0,75,1000,0.0,,3.0742,801.47
6bf93e55123d9b14,none,bf16,auto,FLASHINFER,True,gsm8k,64,1,20,200,0.0,,3.2991,793.51
6bf93e55123d9b14,none,bf16,auto,FLASHINFER,True,gsm8k,64,1,20,500,0.0,,3.2991,793.51
6bf93e55123d9b14,none,bf16,auto,FLASHINFER,True,gsm8k,64,1,20,1000,0.0,,3.2991,793.51
6bf93e55123d9b14,none,bf16,auto,FLASHINFER,True,gsm8k,64,1,35,200,0.0,,3.2991,793.51
6bf93e55123d9b14,none,bf16,auto,FLASHINFER,True,gsm8k,64,1,35,500,0.0,,3.2991,793.51
6bf93e55123d9b14,none,bf16,auto,FLASHINFER,True,gsm8k,64,1,35,1000,0.0,,3.2991,793.51
6bf93e55123d9b14,none,bf16,auto,FLASHINFER,True,gsm8k,64,1,50,200,0.0,,3.2991,793.51
6bf93e55123d9b14,none,bf16,auto,FLASHINFER,True,gsm8k,64,1,50,500,0.0,,3.2991,793.51
6bf93e55123d9b14,none,bf16,auto,FLASHINFER,True,gsm8k,64,1,50,1000,0.0,,3.2991,793.51
6bf93e55123d9b14,none,bf16,auto,FLASHINFER,True,gsm8k,64,1,75,200,0.0,,3.2991,793.51
6bf93e55123d9b14,none,bf16,auto,FLASHINFER,True,gsm8k,64,1,75,500,0.0,,3.2991,793.51
6bf93e55123d9b14,none,bf16,auto,FLASHINFER,True,gsm8k,64,1,75,1000,0.0,,3.2991,793.51
9d09fcab1fbc72b7,none,fp8,auto,FLASHINFER,True,gsm8k,1,0,20,200,0.0,,0.0836,20.48
9d09fcab1fbc72b7,none,fp8,auto,FLASHINFER,True,gsm8k,1,0,20,500,0.0,,0.0836,20.48
9d09fcab1fbc72b7,none,fp8,auto,FLASHINFER,True,gsm8k,1,0,20,1000,0.0,,0.0836,20.48
9d09fcab1fbc72b7,none,fp8,auto,FLASHINFER,True,gsm8k,1,0,35,200,0.0,,0.0836,20.48
9d09fcab1fbc72b7,none,fp8,auto,FLASHINFER,True,gsm8k,1,0,35,500,0.0,,0.0836,20.48
9d09fcab1fbc72b7,none,fp8,auto,FLASHINFER,True,gsm8k,1,0,35,1000,0.0,,0.0836,20.48
9d09fcab1fbc72b7,none,fp8,auto,FLASHINFER,True,gsm8k,1,0,50,200,0.0,,0.0836,20.48
9d09fcab1fbc72b7,none,fp8,auto,FLASHINFER,True,gsm8k,1,0,50,500,0.0,,0.0836,20.48
9d09fcab1fbc72b7,none,fp8,auto,FLASHINFER,True,gsm8k,1,0,50,1000,0.0,,0.0836,20.48
9d09fcab1fbc72b7,none,fp8,auto,FLASHINFER,True,gsm8k,1,0,75,200,0.0,,0.0836,20.48
9d09fcab1fbc72b7,none,fp8,auto,FLASHINFER,True,gsm8k,1,0,75,500,0.0,,0.0836,20.48
9d09fcab1fbc72b7,none,fp8,auto,FLASHINFER,True,gsm8k,1,0,75,1000,0.0,,0.0836,20.48
9d09fcab1fbc72b7,none,fp8,auto,FLASHINFER,True,gsm8k,1,1,20,200,0.0,,0.081,20.2
9d09fcab1fbc72b7,none,fp8,auto,FLASHINFER,True,gsm8k,1,1,20,500,0.0,,0.081,20.2
9d09fcab1fbc72b7,none,fp8,auto,FLASHINFER,True,gsm8k,1,1,20,1000,0.0,,0.081,20.2
9d09fcab1fbc72b7,none,fp8,auto,FLASHINFER,True,gsm8k,1,1,35,200,0.0,,0.081,20.2
9d09fcab1fbc72b7,none,fp8,auto,FLASHINFER,True,gsm8k,1,1,35,500,0.0,,0.081,20.2
9d09fcab1fbc72b7,none,fp8,auto,FLASHINFER,True,gsm8k,1,1,35,1000,0.0,,0.081,20.2
9d09fcab1fbc72b7,none,fp8,auto,FLASHINFER,True,gsm8k,1,1,50,200,0.0,,0.081,20.2
9d09fcab1fbc72b7,none,fp8,auto,FLASHINFER,True,gsm8k,1,1,50,500,0.0,,0.081,20.2
9d09fcab1fbc72b7,none,fp8,auto,FLASHINFER,True,gsm8k,1,1,50,1000,0.0,,0.081,20.2
9d09fcab1fbc72b7,none,fp8,auto,FLASHINFER,True,gsm8k,1,1,75,200,0.0,,0.081,20.2
9d09fcab1fbc72b7,none,fp8,auto,FLASHINFER,True,gsm8k,1,1,75,500,0.0,,0.081,20.2
9d09fcab1fbc72b7,none,fp8,auto,FLASHINFER,True,gsm8k,1,1,75,1000,0.0,,0.081,20.2
9d09fcab1fbc72b7,none,fp8,auto,FLASHINFER,True,gsm8k,16,0,20,200,0.0,,0.8687,238.81
9d09fcab1fbc72b7,none,fp8,auto,FLASHINFER,True,gsm8k,16,0,20,500,0.0,,0.8687,238.81
9d09fcab1fbc72b7,none,fp8,auto,FLASHINFER,True,gsm8k,16,0,20,1000,0.0,,0.8687,238.81
9d09fcab1fbc72b7,none,fp8,auto,FLASHINFER,True,gsm8k,16,0,35,200,0.0,,0.8687,238.81
9d09fcab1fbc72b7,none,fp8,auto,FLASHINFER,True,gsm8k,16,0,35,500,0.0,,0.8687,238.81
9d09fcab1fbc72b7,none,fp8,auto,FLASHINFER,True,gsm8k,16,0,35,1000,0.0,,0.8687,238.81
9d09fcab1fbc72b7,none,fp8,auto,FLASHINFER,True,gsm8k,16,0,50,200,0.0,,0.8687,238.81
9d09fcab1fbc72b7,none,fp8,auto,FLASHINFER,True,gsm8k,16,0,50,500,0.0,,0.8687,238.81
9d09fcab1fbc72b7,none,fp8,auto,FLASHINFER,True,gsm8k,16,0,50,1000,0.0,,0.8687,238.81
9d09fcab1fbc72b7,none,fp8,auto,FLASHINFER,True,gsm8k,16,0,75,200,0.0,,0.8687,238.81
9d09fcab1fbc72b7,none,fp8,auto,FLASHINFER,True,gsm8k,16,0,75,500,0.0,,0.8687,238.81
9d09fcab1fbc72b7,none,fp8,auto,FLASHINFER,True,gsm8k,16,0,75,1000,0.0,,0.8687,238.81
9d09fcab1fbc72b7,none,fp8,auto,FLASHINFER,True,gsm8k,16,1,20,200,0.0,,0.9423,229.93
9d09fcab1fbc72b7,none,fp8,auto,FLASHINFER,True,gsm8k,16,1,20,500,0.0,,0.9423,229.93
9d09fcab1fbc72b7,none,fp8,auto,FLASHINFER,True,gsm8k,16,1,20,1000,0.0,,0.9423,229.93
9d09fcab1fbc72b7,none,fp8,auto,FLASHINFER,True,gsm8k,16,1,35,200,0.0,,0.9423,229.93
9d09fcab1fbc72b7,none,fp8,auto,FLASHINFER,True,gsm8k,16,1,35,500,0.0,,0.9423,229.93
9d09fcab1fbc72b7,none,fp8,auto,FLASHINFER,True,gsm8k,16,1,35,1000,0.0,,0.9423,229.93
9d09fcab1fbc72b7,none,fp8,auto,FLASHINFER,True,gsm8k,16,1,50,200,0.0,,0.9423,229.93
9d09fcab1fbc72b7,none,fp8,auto,FLASHINFER,True,gsm8k,16,1,50,500,0.0,,0.9423,229.93
9d09fcab1fbc72b7,none,fp8,auto,FLASHINFER,True,gsm8k,16,1,50,1000,0.0,,0.9423,229.93
9d09fcab1fbc72b7,none,fp8,auto,FLASHINFER,True,gsm8k,16,1,75,200,0.0,,0.9423,229.93
9d09fcab1fbc72b7,none,fp8,auto,FLASHINFER,True,gsm8k,16,1,75,500,0.0,,0.9423,229.93
9d09fcab1fbc72b7,none,fp8,auto,FLASHINFER,True,gsm8k,16,1,75,1000,0.0,,0.9423,229.93
9d09fcab1fbc72b7,none,fp8,auto,FLASHINFER,True,gsm8k,64,0,20,200,0.0,,3.1668,839.87
9d09fcab1fbc72b7,none,fp8,auto,FLASHINFER,True,gsm8k,64,0,20,500,0.0,,3.1668,839.87
9d09fcab1fbc72b7,none,fp8,auto,FLASHINFER,True,gsm8k,64,0,20,1000,0.0,,3.1668,839.87
9d09fcab1fbc72b7,none,fp8,auto,FLASHINFER,True,gsm8k,64,0,35,200,0.0,,3.1668,839.87
9d09fcab1fbc72b7,none,fp8,auto,FLASHINFER,True,gsm8k,64,0,35,500,0.0,,3.1668,839.87
9d09fcab1fbc72b7,none,fp8,auto,FLASHINFER,True,gsm8k,64,0,35,1000,0.0,,3.1668,839.87
9d09fcab1fbc72b7,none,fp8,auto,FLASHINFER,True,gsm8k,64,0,50,200,0.0,,3.1668,839.87
9d09fcab1fbc72b7,none,fp8,auto,FLASHINFER,True,gsm8k,64,0,50,500,0.0,,3.1668,839.87
9d09fcab1fbc72b7,none,fp8,auto,FLASHINFER,True,gsm8k,64,0,50,1000,0.0,,3.1668,839.87
9d09fcab1fbc72b7,none,fp8,auto,FLASHINFER,True,gsm8k,64,0,75,200,0.0,,3.1668,839.87
9d09fcab1fbc72b7,none,fp8,auto,FLASHINFER,True,gsm8k,64,0,75,500,0.0,,3.1668,839.87
9d09fcab1fbc72b7,none,fp8,auto,FLASHINFER,True,gsm8k,64,0,75,1000,0.0,,3.1668,839.87
9d09fcab1fbc72b7,none,fp8,auto,FLASHINFER,True,gsm8k,64,1,20,200,0.0,,3.3131,810.97
9d09fcab1fbc72b7,none,fp8,auto,FLASHINFER,True,gsm8k,64,1,20,500,0.0,,3.3131,810.97
9d09fcab1fbc72b7,none,fp8,auto,FLASHINFER,True,gsm8k,64,1,20,1000,0.0,,3.3131,810.97
9d09fcab1fbc72b7,none,fp8,auto,FLASHINFER,True,gsm8k,64,1,35,200,0.0,,3.3131,810.97
9d09fcab1fbc72b7,none,fp8,auto,FLASHINFER,True,gsm8k,64,1,35,500,0.0,,3.3131,810.97
9d09fcab1fbc72b7,none,fp8,auto,FLASHINFER,True,gsm8k,64,1,35,1000,0.0,,3.3131,810.97
9d09fcab1fbc72b7,none,fp8,auto,FLASHINFER,True,gsm8k,64,1,50,200,0.0,,3.3131,810.97
9d09fcab1fbc72b7,none,fp8,auto,FLASHINFER,True,gsm8k,64,1,50,500,0.0,,3.3131,810.97
9d09fcab1fbc72b7,none,fp8,auto,FLASHINFER,True,gsm8k,64,1,50,1000,0.0,,3.3131,810.97
9d09fcab1fbc72b7,none,fp8,auto,FLASHINFER,True,gsm8k,64,1,75,200,0.0,,3.3131,810.97
9d09fcab1fbc72b7,none,fp8,auto,FLASHINFER,True,gsm8k,64,1,75,500,0.0,,3.3131,810.97
9d09fcab1fbc72b7,none,fp8,auto,FLASHINFER,True,gsm8k,64,1,75,1000,0.0,,3.3131,810.97
a15aaeb7ae8ece66,dflash,bf16,auto,FLASHINFER,True,gsm8k,1,0,20,200,0.0,,0.3267,74.64
a15aaeb7ae8ece66,dflash,bf16,auto,FLASHINFER,True,gsm8k,1,0,20,500,0.0,,0.3267,74.64
a15aaeb7ae8ece66,dflash,bf16,auto,FLASHINFER,True,gsm8k,1,0,20,1000,0.0,,0.3267,74.64
a15aaeb7ae8ece66,dflash,bf16,auto,FLASHINFER,True,gsm8k,1,0,35,200,0.0,,0.3267,74.64
a15aaeb7ae8ece66,dflash,bf16,auto,FLASHINFER,True,gsm8k,1,0,35,500,0.0,,0.3267,74.64
a15aaeb7ae8ece66,dflash,bf16,auto,FLASHINFER,True,gsm8k,1,0,35,1000,0.0,,0.3267,74.64
a15aaeb7ae8ece66,dflash,bf16,auto,FLASHINFER,True,gsm8k,1,0,50,200,0.0,,0.3267,74.64
a15aaeb7ae8ece66,dflash,bf16,auto,FLASHINFER,True,gsm8k,1,0,50,500,0.0,,0.3267,74.64
a15aaeb7ae8ece66,dflash,bf16,auto,FLASHINFER,True,gsm8k,1,0,50,1000,0.0,,0.3267,74.64
a15aaeb7ae8ece66,dflash,bf16,auto,FLASHINFER,True,gsm8k,1,0,75,200,0.0,,0.3267,74.64
a15aaeb7ae8ece66,dflash,bf16,auto,FLASHINFER,True,gsm8k,1,0,75,500,0.0,,0.3267,74.64
a15aaeb7ae8ece66,dflash,bf16,auto,FLASHINFER,True,gsm8k,1,0,75,1000,0.0,,0.3267,74.64
a15aaeb7ae8ece66,dflash,bf16,auto,FLASHINFER,True,gsm8k,1,1,20,200,0.0,,0.3363,84.26
a15aaeb7ae8ece66,dflash,bf16,auto,FLASHINFER,True,gsm8k,1,1,20,500,0.0,,0.3363,84.26
a15aaeb7ae8ece66,dflash,bf16,auto,FLASHINFER,True,gsm8k,1,1,20,1000,0.0,,0.3363,84.26
a15aaeb7ae8ece66,dflash,bf16,auto,FLASHINFER,True,gsm8k,1,1,35,200,0.0,,0.3363,84.26
a15aaeb7ae8ece66,dflash,bf16,auto,FLASHINFER,True,gsm8k,1,1,35,500,0.0,,0.3363,84.26
a15aaeb7ae8ece66,dflash,bf16,auto,FLASHINFER,True,gsm8k,1,1,35,1000,0.0,,0.3363,84.26
a15aaeb7ae8ece66,dflash,bf16,auto,FLASHINFER,True,gsm8k,1,1,50,200,0.0,,0.3363,84.26
a15aaeb7ae8ece66,dflash,bf16,auto,FLASHINFER,True,gsm8k,1,1,50,500,0.0,,0.3363,84.26
a15aaeb7ae8ece66,dflash,bf16,auto,FLASHINFER,True,gsm8k,1,1,50,1000,0.0,,0.3363,84.26
a15aaeb7ae8ece66,dflash,bf16,auto,FLASHINFER,True,gsm8k,1,1,75,200,0.0,,0.3363,84.26
a15aaeb7ae8ece66,dflash,bf16,auto,FLASHINFER,True,gsm8k,1,1,75,500,0.0,,0.3363,84.26
a15aaeb7ae8ece66,dflash,bf16,auto,FLASHINFER,True,gsm8k,1,1,75,1000,0.0,,0.3363,84.26
a15aaeb7ae8ece66,dflash,bf16,auto,FLASHINFER,True,gsm8k,16,0,20,200,0.0,,3.022,784.59
a15aaeb7ae8ece66,dflash,bf16,auto,FLASHINFER,True,gsm8k,16,0,20,500,0.0,,3.022,784.59
a15aaeb7ae8ece66,dflash,bf16,auto,FLASHINFER,True,gsm8k,16,0,20,1000,0.0,,3.022,784.59
a15aaeb7ae8ece66,dflash,bf16,auto,FLASHINFER,True,gsm8k,16,0,35,200,0.0,,3.022,784.59
a15aaeb7ae8ece66,dflash,bf16,auto,FLASHINFER,True,gsm8k,16,0,35,500,0.0,,3.022,784.59
a15aaeb7ae8ece66,dflash,bf16,auto,FLASHINFER,True,gsm8k,16,0,35,1000,0.0,,3.022,784.59
a15aaeb7ae8ece66,dflash,bf16,auto,FLASHINFER,True,gsm8k,16,0,50,200,0.0,,3.022,784.59
a15aaeb7ae8ece66,dflash,bf16,auto,FLASHINFER,True,gsm8k,16,0,50,500,0.0,,3.022,784.59
a15aaeb7ae8ece66,dflash,bf16,auto,FLASHINFER,True,gsm8k,16,0,50,1000,0.0,,3.022,784.59
a15aaeb7ae8ece66,dflash,bf16,auto,FLASHINFER,True,gsm8k,16,0,75,200,0.0,,3.022,784.59
a15aaeb7ae8ece66,dflash,bf16,auto,FLASHINFER,True,gsm8k,16,0,75,500,0.0,,3.022,784.59
a15aaeb7ae8ece66,dflash,bf16,auto,FLASHINFER,True,gsm8k,16,0,75,1000,0.0,,3.022,784.59
a15aaeb7ae8ece66,dflash,bf16,auto,FLASHINFER,True,gsm8k,16,1,20,200,0.0,,3.3119,779.28
a15aaeb7ae8ece66,dflash,bf16,auto,FLASHINFER,True,gsm8k,16,1,20,500,0.0,,3.3119,779.28
a15aaeb7ae8ece66,dflash,bf16,auto,FLASHINFER,True,gsm8k,16,1,20,1000,0.0,,3.3119,779.28
a15aaeb7ae8ece66,dflash,bf16,auto,FLASHINFER,True,gsm8k,16,1,35,200,0.0,,3.3119,779.28
a15aaeb7ae8ece66,dflash,bf16,auto,FLASHINFER,True,gsm8k,16,1,35,500,0.0,,3.3119,779.28
a15aaeb7ae8ece66,dflash,bf16,auto,FLASHINFER,True,gsm8k,16,1,35,1000,0.0,,3.3119,779.28
a15aaeb7ae8ece66,dflash,bf16,auto,FLASHINFER,True,gsm8k,16,1,50,200,0.0,,3.3119,779.28
a15aaeb7ae8ece66,dflash,bf16,auto,FLASHINFER,True,gsm8k,16,1,50,500,0.0,,3.3119,779.28
a15aaeb7ae8ece66,dflash,bf16,auto,FLASHINFER,True,gsm8k,16,1,50,1000,0.0,,3.3119,779.28
a15aaeb7ae8ece66,dflash,bf16,auto,FLASHINFER,True,gsm8k,16,1,75,200,0.0,,3.3119,779.28
a15aaeb7ae8ece66,dflash,bf16,auto,FLASHINFER,True,gsm8k,16,1,75,500,0.0,,3.3119,779.28
a15aaeb7ae8ece66,dflash,bf16,auto,FLASHINFER,True,gsm8k,16,1,75,1000,0.0,,3.3119,779.28
a15aaeb7ae8ece66,dflash,bf16,auto,FLASHINFER,True,gsm8k,64,0,20,200,0.0,,6.0595,1579.02
a15aaeb7ae8ece66,dflash,bf16,auto,FLASHINFER,True,gsm8k,64,0,20,500,0.0,,6.0595,1579.02
a15aaeb7ae8ece66,dflash,bf16,auto,FLASHINFER,True,gsm8k,64,0,20,1000,0.0,,6.0595,1579.02
a15aaeb7ae8ece66,dflash,bf16,auto,FLASHINFER,True,gsm8k,64,0,35,200,0.0,,6.0595,1579.02
a15aaeb7ae8ece66,dflash,bf16,auto,FLASHINFER,True,gsm8k,64,0,35,500,0.0,,6.0595,1579.02
a15aaeb7ae8ece66,dflash,bf16,auto,FLASHINFER,True,gsm8k,64,0,35,1000,0.0,,6.0595,1579.02
a15aaeb7ae8ece66,dflash,bf16,auto,FLASHINFER,True,gsm8k,64,0,50,200,0.0,,6.0595,1579.02
a15aaeb7ae8ece66,dflash,bf16,auto,FLASHINFER,True,gsm8k,64,0,50,500,0.0,,6.0595,1579.02
a15aaeb7ae8ece66,dflash,bf16,auto,FLASHINFER,True,gsm8k,64,0,50,1000,0.0,,6.0595,1579.02
a15aaeb7ae8ece66,dflash,bf16,auto,FLASHINFER,True,gsm8k,64,0,75,200,0.0,,6.0595,1579.02
a15aaeb7ae8ece66,dflash,bf16,auto,FLASHINFER,True,gsm8k,64,0,75,500,0.0,,6.0595,1579.02
a15aaeb7ae8ece66,dflash,bf16,auto,FLASHINFER,True,gsm8k,64,0,75,1000,0.0,,6.0595,1579.02
a15aaeb7ae8ece66,dflash,bf16,auto,FLASHINFER,True,gsm8k,64,1,20,200,0.0,,6.7621,1631.43
a15aaeb7ae8ece66,dflash,bf16,auto,FLASHINFER,True,gsm8k,64,1,20,500,0.0,,6.7621,1631.43
a15aaeb7ae8ece66,dflash,bf16,auto,FLASHINFER,True,gsm8k,64,1,20,1000,0.0,,6.7621,1631.43
a15aaeb7ae8ece66,dflash,bf16,auto,FLASHINFER,True,gsm8k,64,1,35,200,0.0,,6.7621,1631.43
a15aaeb7ae8ece66,dflash,bf16,auto,FLASHINFER,True,gsm8k,64,1,35,500,0.0,,6.7621,1631.43
a15aaeb7ae8ece66,dflash,bf16,auto,FLASHINFER,True,gsm8k,64,1,35,1000,0.0,,6.7621,1631.43
a15aaeb7ae8ece66,dflash,bf16,auto,FLASHINFER,True,gsm8k,64,1,50,200,0.0,,6.7621,1631.43
a15aaeb7ae8ece66,dflash,bf16,auto,FLASHINFER,True,gsm8k,64,1,50,500,0.0,,6.7621,1631.43
a15aaeb7ae8ece66,dflash,bf16,auto,FLASHINFER,True,gsm8k,64,1,50,1000,0.0,,6.7621,1631.43
a15aaeb7ae8ece66,dflash,bf16,auto,FLASHINFER,True,gsm8k,64,1,75,200,0.0,,6.7621,1631.43
a15aaeb7ae8ece66,dflash,bf16,auto,FLASHINFER,True,gsm8k,64,1,75,500,0.0,,6.7621,1631.43
a15aaeb7ae8ece66,dflash,bf16,auto,FLASHINFER,True,gsm8k,64,1,75,1000,0.0,,6.7621,1631.43
aaeb804d4d2a584f,none,bf16,auto,FLASHINFER,False,gsm8k,1,0,20,200,0.0,,0.1152,26.7
aaeb804d4d2a584f,none,bf16,auto,FLASHINFER,False,gsm8k,1,0,20,500,0.0,,0.1152,26.7
aaeb804d4d2a584f,none,bf16,auto,FLASHINFER,False,gsm8k,1,0,20,1000,0.0,,0.1152,26.7
aaeb804d4d2a584f,none,bf16,auto,FLASHINFER,False,gsm8k,1,0,35,200,0.0,,0.1152,26.7
aaeb804d4d2a584f,none,bf16,auto,FLASHINFER,False,gsm8k,1,0,35,500,0.0,,0.1152,26.7
aaeb804d4d2a584f,none,bf16,auto,FLASHINFER,False,gsm8k,1,0,35,1000,0.0,,0.1152,26.7
aaeb804d4d2a584f,none,bf16,auto,FLASHINFER,False,gsm8k,1,0,50,200,0.0,,0.1152,26.7
aaeb804d4d2a584f,none,bf16,auto,FLASHINFER,False,gsm8k,1,0,50,500,0.0,,0.1152,26.7
aaeb804d4d2a584f,none,bf16,auto,FLASHINFER,False,gsm8k,1,0,50,1000,0.0,,0.1152,26.7
aaeb804d4d2a584f,none,bf16,auto,FLASHINFER,False,gsm8k,1,0,75,200,0.0,,0.1152,26.7
aaeb804d4d2a584f,none,bf16,auto,FLASHINFER,False,gsm8k,1,0,75,500,0.0,,0.1152,26.7
aaeb804d4d2a584f,none,bf16,auto,FLASHINFER,False,gsm8k,1,0,75,1000,0.0,,0.1152,26.7
aaeb804d4d2a584f,none,bf16,auto,FLASHINFER,False,gsm8k,1,1,20,200,0.0,,0.1046,27.11
aaeb804d4d2a584f,none,bf16,auto,FLASHINFER,False,gsm8k,1,1,20,500,0.0,,0.1046,27.11
aaeb804d4d2a584f,none,bf16,auto,FLASHINFER,False,gsm8k,1,1,20,1000,0.0,,0.1046,27.11
aaeb804d4d2a584f,none,bf16,auto,FLASHINFER,False,gsm8k,1,1,35,200,0.0,,0.1046,27.11
aaeb804d4d2a584f,none,bf16,auto,FLASHINFER,False,gsm8k,1,1,35,500,0.0,,0.1046,27.11
aaeb804d4d2a584f,none,bf16,auto,FLASHINFER,False,gsm8k,1,1,35,1000,0.0,,0.1046,27.11
aaeb804d4d2a584f,none,bf16,auto,FLASHINFER,False,gsm8k,1,1,50,200,0.0,,0.1046,27.11
aaeb804d4d2a584f,none,bf16,auto,FLASHINFER,False,gsm8k,1,1,50,500,0.0,,0.1046,27.11
aaeb804d4d2a584f,none,bf16,auto,FLASHINFER,False,gsm8k,1,1,50,1000,0.0,,0.1046,27.11
aaeb804d4d2a584f,none,bf16,auto,FLASHINFER,False,gsm8k,1,1,75,200,0.0,,0.1046,27.11
aaeb804d4d2a584f,none,bf16,auto,FLASHINFER,False,gsm8k,1,1,75,500,0.0,,0.1046,27.11
aaeb804d4d2a584f,none,bf16,auto,FLASHINFER,False,gsm8k,1,1,75,1000,0.0,,0.1046,27.11
aaeb804d4d2a584f,none,bf16,auto,FLASHINFER,False,gsm8k,16,0,20,200,0.0,,1.0952,283.54
aaeb804d4d2a584f,none,bf16,auto,FLASHINFER,False,gsm8k,16,0,20,500,0.0,,1.0952,283.54
aaeb804d4d2a584f,none,bf16,auto,FLASHINFER,False,gsm8k,16,0,20,1000,0.0,,1.0952,283.54
aaeb804d4d2a584f,none,bf16,auto,FLASHINFER,False,gsm8k,16,0,35,200,0.0,,1.0952,283.54
aaeb804d4d2a584f,none,bf16,auto,FLASHINFER,False,gsm8k,16,0,35,500,0.0,,1.0952,283.54
aaeb804d4d2a584f,none,bf16,auto,FLASHINFER,False,gsm8k,16,0,35,1000,0.0,,1.0952,283.54
aaeb804d4d2a584f,none,bf16,auto,FLASHINFER,False,gsm8k,16,0,50,200,0.0,,1.0952,283.54
aaeb804d4d2a584f,none,bf16,auto,FLASHINFER,False,gsm8k,16,0,50,500,0.0,,1.0952,283.54
aaeb804d4d2a584f,none,bf16,auto,FLASHINFER,False,gsm8k,16,0,50,1000,0.0,,1.0952,283.54
aaeb804d4d2a584f,none,bf16,auto,FLASHINFER,False,gsm8k,16,0,75,200,0.0,,1.0952,283.54
aaeb804d4d2a584f,none,bf16,auto,FLASHINFER,False,gsm8k,16,0,75,500,0.0,,1.0952,283.54
aaeb804d4d2a584f,none,bf16,auto,FLASHINFER,False,gsm8k,16,0,75,1000,0.0,,1.0952,283.54
aaeb804d4d2a584f,none,bf16,auto,FLASHINFER,False,gsm8k,16,1,20,200,0.0,,1.1409,270.9
aaeb804d4d2a584f,none,bf16,auto,FLASHINFER,False,gsm8k,16,1,20,500,0.0,,1.1409,270.9
aaeb804d4d2a584f,none,bf16,auto,FLASHINFER,False,gsm8k,16,1,20,1000,0.0,,1.1409,270.9
aaeb804d4d2a584f,none,bf16,auto,FLASHINFER,False,gsm8k,16,1,35,200,0.0,,1.1409,270.9
aaeb804d4d2a584f,none,bf16,auto,FLASHINFER,False,gsm8k,16,1,35,500,0.0,,1.1409,270.9
aaeb804d4d2a584f,none,bf16,auto,FLASHINFER,False,gsm8k,16,1,35,1000,0.0,,1.1409,270.9
aaeb804d4d2a584f,none,bf16,auto,FLASHINFER,False,gsm8k,16,1,50,200,0.0,,1.1409,270.9
aaeb804d4d2a584f,none,bf16,auto,FLASHINFER,False,gsm8k,16,1,50,500,0.0,,1.1409,270.9
aaeb804d4d2a584f,none,bf16,auto,FLASHINFER,False,gsm8k,16,1,50,1000,0.0,,1.1409,270.9
aaeb804d4d2a584f,none,bf16,auto,FLASHINFER,False,gsm8k,16,1,75,200,0.0,,1.1409,270.9
aaeb804d4d2a584f,none,bf16,auto,FLASHINFER,False,gsm8k,16,1,75,500,0.0,,1.1409,270.9
aaeb804d4d2a584f,none,bf16,auto,FLASHINFER,False,gsm8k,16,1,75,1000,0.0,,1.1409,270.9
aaeb804d4d2a584f,none,bf16,auto,FLASHINFER,False,gsm8k,64,0,20,200,0.0,,3.4263,893.12
aaeb804d4d2a584f,none,bf16,auto,FLASHINFER,False,gsm8k,64,0,20,500,0.0,,3.4263,893.12
aaeb804d4d2a584f,none,bf16,auto,FLASHINFER,False,gsm8k,64,0,20,1000,0.0,,3.4263,893.12
aaeb804d4d2a584f,none,bf16,auto,FLASHINFER,False,gsm8k,64,0,35,200,0.0,,3.4263,893.12
aaeb804d4d2a584f,none,bf16,auto,FLASHINFER,False,gsm8k,64,0,35,500,0.0,,3.4263,893.12
aaeb804d4d2a584f,none,bf16,auto,FLASHINFER,False,gsm8k,64,0,35,1000,0.0,,3.4263,893.12
aaeb804d4d2a584f,none,bf16,auto,FLASHINFER,False,gsm8k,64,0,50,200,0.0,,3.4263,893.12
aaeb804d4d2a584f,none,bf16,auto,FLASHINFER,False,gsm8k,64,0,50,500,0.0,,3.4263,893.12
aaeb804d4d2a584f,none,bf16,auto,FLASHINFER,False,gsm8k,64,0,50,1000,0.0,,3.4263,893.12
aaeb804d4d2a584f,none,bf16,auto,FLASHINFER,False,gsm8k,64,0,75,200,0.0,,3.4263,893.12
aaeb804d4d2a584f,none,bf16,auto,FLASHINFER,False,gsm8k,64,0,75,500,0.0,,3.4263,893.12
aaeb804d4d2a584f,none,bf16,auto,FLASHINFER,False,gsm8k,64,0,75,1000,0.0,,3.4263,893.12
aaeb804d4d2a584f,none,bf16,auto,FLASHINFER,False,gsm8k,64,1,20,200,0.0,,3.2001,776.83
aaeb804d4d2a584f,none,bf16,auto,FLASHINFER,False,gsm8k,64,1,20,500,0.0,,3.2001,776.83
aaeb804d4d2a584f,none,bf16,auto,FLASHINFER,False,gsm8k,64,1,20,1000,0.0,,3.2001,776.83
aaeb804d4d2a584f,none,bf16,auto,FLASHINFER,False,gsm8k,64,1,35,200,0.0,,3.2001,776.83
aaeb804d4d2a584f,none,bf16,auto,FLASHINFER,False,gsm8k,64,1,35,500,0.0,,3.2001,776.83
aaeb804d4d2a584f,none,bf16,auto,FLASHINFER,False,gsm8k,64,1,35,1000,0.0,,3.2001,776.83
aaeb804d4d2a584f,none,bf16,auto,FLASHINFER,False,gsm8k,64,1,50,200,0.0,,3.2001,776.83
aaeb804d4d2a584f,none,bf16,auto,FLASHINFER,False,gsm8k,64,1,50,500,0.0,,3.2001,776.83
aaeb804d4d2a584f,none,bf16,auto,FLASHINFER,False,gsm8k,64,1,50,1000,0.0,,3.2001,776.83
aaeb804d4d2a584f,none,bf16,auto,FLASHINFER,False,gsm8k,64,1,75,200,0.0,,3.2001,776.83
aaeb804d4d2a584f,none,bf16,auto,FLASHINFER,False,gsm8k,64,1,75,500,0.0,,3.2001,776.83
aaeb804d4d2a584f,none,bf16,auto,FLASHINFER,False,gsm8k,64,1,75,1000,0.0,,3.2001,776.83
b6d238cffb8de674,dflash,fp8,auto,FLASHINFER,False,gsm8k,1,0,20,200,0.0,,0.4552,111.17
b6d238cffb8de674,dflash,fp8,auto,FLASHINFER,False,gsm8k,1,0,20,500,0.0,,0.4552,111.17
b6d238cffb8de674,dflash,fp8,auto,FLASHINFER,False,gsm8k,1,0,20,1000,0.0,,0.4552,111.17
b6d238cffb8de674,dflash,fp8,auto,FLASHINFER,False,gsm8k,1,0,35,200,0.0,,0.4552,111.17
b6d238cffb8de674,dflash,fp8,auto,FLASHINFER,False,gsm8k,1,0,35,500,0.0,,0.4552,111.17
b6d238cffb8de674,dflash,fp8,auto,FLASHINFER,False,gsm8k,1,0,35,1000,0.0,,0.4552,111.17
b6d238cffb8de674,dflash,fp8,auto,FLASHINFER,False,gsm8k,1,0,50,200,0.0,,0.4552,111.17
b6d238cffb8de674,dflash,fp8,auto,FLASHINFER,False,gsm8k,1,0,50,500,0.0,,0.4552,111.17
b6d238cffb8de674,dflash,fp8,auto,FLASHINFER,False,gsm8k,1,0,50,1000,0.0,,0.4552,111.17
b6d238cffb8de674,dflash,fp8,auto,FLASHINFER,False,gsm8k,1,0,75,200,0.0,,0.4552,111.17
b6d238cffb8de674,dflash,fp8,auto,FLASHINFER,False,gsm8k,1,0,75,500,0.0,,0.4552,111.17
b6d238cffb8de674,dflash,fp8,auto,FLASHINFER,False,gsm8k,1,0,75,1000,0.0,,0.4552,111.17
b6d238cffb8de674,dflash,fp8,auto,FLASHINFER,False,gsm8k,1,1,20,200,0.0,,0.4925,125.06
b6d238cffb8de674,dflash,fp8,auto,FLASHINFER,False,gsm8k,1,1,20,500,0.0,,0.4925,125.06
b6d238cffb8de674,dflash,fp8,auto,FLASHINFER,False,gsm8k,1,1,20,1000,0.0,,0.4925,125.06
b6d238cffb8de674,dflash,fp8,auto,FLASHINFER,False,gsm8k,1,1,35,200,0.0,,0.4925,125.06
b6d238cffb8de674,dflash,fp8,auto,FLASHINFER,False,gsm8k,1,1,35,500,0.0,,0.4925,125.06
b6d238cffb8de674,dflash,fp8,auto,FLASHINFER,False,gsm8k,1,1,35,1000,0.0,,0.4925,125.06
b6d238cffb8de674,dflash,fp8,auto,FLASHINFER,False,gsm8k,1,1,50,200,0.0,,0.4925,125.06
b6d238cffb8de674,dflash,fp8,auto,FLASHINFER,False,gsm8k,1,1,50,500,0.0,,0.4925,125.06
b6d238cffb8de674,dflash,fp8,auto,FLASHINFER,False,gsm8k,1,1,50,1000,0.0,,0.4925,125.06
b6d238cffb8de674,dflash,fp8,auto,FLASHINFER,False,gsm8k,1,1,75,200,0.0,,0.4925,125.06
b6d238cffb8de674,dflash,fp8,auto,FLASHINFER,False,gsm8k,1,1,75,500,0.0,,0.4925,125.06
b6d238cffb8de674,dflash,fp8,auto,FLASHINFER,False,gsm8k,1,1,75,1000,0.0,,0.4925,125.06
b6d238cffb8de674,dflash,fp8,auto,FLASHINFER,False,gsm8k,16,0,20,200,0.0,,4.0854,1069.81
b6d238cffb8de674,dflash,fp8,auto,FLASHINFER,False,gsm8k,16,0,20,500,0.0,,4.0854,1069.81
b6d238cffb8de674,dflash,fp8,auto,FLASHINFER,False,gsm8k,16,0,20,1000,0.0,,4.0854,1069.81
b6d238cffb8de674,dflash,fp8,auto,FLASHINFER,False,gsm8k,16,0,35,200,0.0,,4.0854,1069.81
b6d238cffb8de674,dflash,fp8,auto,FLASHINFER,False,gsm8k,16,0,35,500,0.0,,4.0854,1069.81
b6d238cffb8de674,dflash,fp8,auto,FLASHINFER,False,gsm8k,16,0,35,1000,0.0,,4.0854,1069.81
b6d238cffb8de674,dflash,fp8,auto,FLASHINFER,False,gsm8k,16,0,50,200,0.0,,4.0854,1069.81
b6d238cffb8de674,dflash,fp8,auto,FLASHINFER,False,gsm8k,16,0,50,500,0.0,,4.0854,1069.81
b6d238cffb8de674,dflash,fp8,auto,FLASHINFER,False,gsm8k,16,0,50,1000,0.0,,4.0854,1069.81
b6d238cffb8de674,dflash,fp8,auto,FLASHINFER,False,gsm8k,16,0,75,200,0.0,,4.0854,1069.81
b6d238cffb8de674,dflash,fp8,auto,FLASHINFER,False,gsm8k,16,0,75,500,0.0,,4.0854,1069.81
b6d238cffb8de674,dflash,fp8,auto,FLASHINFER,False,gsm8k,16,0,75,1000,0.0,,4.0854,1069.81
b6d238cffb8de674,dflash,fp8,auto,FLASHINFER,False,gsm8k,16,1,20,200,0.0,,3.935,973.41
b6d238cffb8de674,dflash,fp8,auto,FLASHINFER,False,gsm8k,16,1,20,500,0.0,,3.935,973.41
b6d238cffb8de674,dflash,fp8,auto,FLASHINFER,False,gsm8k,16,1,20,1000,0.0,,3.935,973.41
b6d238cffb8de674,dflash,fp8,auto,FLASHINFER,False,gsm8k,16,1,35,200,0.0,,3.935,973.41
b6d238cffb8de674,dflash,fp8,auto,FLASHINFER,False,gsm8k,16,1,35,500,0.0,,3.935,973.41
b6d238cffb8de674,dflash,fp8,auto,FLASHINFER,False,gsm8k,16,1,35,1000,0.0,,3.935,973.41
b6d238cffb8de674,dflash,fp8,auto,FLASHINFER,False,gsm8k,16,1,50,200,0.0,,3.935,973.41
b6d238cffb8de674,dflash,fp8,auto,FLASHINFER,False,gsm8k,16,1,50,500,0.0,,3.935,973.41
b6d238cffb8de674,dflash,fp8,auto,FLASHINFER,False,gsm8k,16,1,50,1000,0.0,,3.935,973.41
b6d238cffb8de674,dflash,fp8,auto,FLASHINFER,False,gsm8k,16,1,75,200,0.0,,3.935,973.41
b6d238cffb8de674,dflash,fp8,auto,FLASHINFER,False,gsm8k,16,1,75,500,0.0,,3.935,973.41
b6d238cffb8de674,dflash,fp8,auto,FLASHINFER,False,gsm8k,16,1,75,1000,0.0,,3.935,973.41
b6d238cffb8de674,dflash,fp8,auto,FLASHINFER,False,gsm8k,64,0,20,200,0.0,,7.8217,2067.13
b6d238cffb8de674,dflash,fp8,auto,FLASHINFER,False,gsm8k,64,0,20,500,0.0,,7.8217,2067.13
b6d238cffb8de674,dflash,fp8,auto,FLASHINFER,False,gsm8k,64,0,20,1000,0.0,,7.8217,2067.13
b6d238cffb8de674,dflash,fp8,auto,FLASHINFER,False,gsm8k,64,0,35,200,0.0,,7.8217,2067.13
b6d238cffb8de674,dflash,fp8,auto,FLASHINFER,False,gsm8k,64,0,35,500,0.0,,7.8217,2067.13
b6d238cffb8de674,dflash,fp8,auto,FLASHINFER,False,gsm8k,64,0,35,1000,0.0,,7.8217,2067.13
b6d238cffb8de674,dflash,fp8,auto,FLASHINFER,False,gsm8k,64,0,50,200,0.0,,7.8217,2067.13
b6d238cffb8de674,dflash,fp8,auto,FLASHINFER,False,gsm8k,64,0,50,500,0.0,,7.8217,2067.13
b6d238cffb8de674,dflash,fp8,auto,FLASHINFER,False,gsm8k,64,0,50,1000,0.0,,7.8217,2067.13
b6d238cffb8de674,dflash,fp8,auto,FLASHINFER,False,gsm8k,64,0,75,200,0.0,,7.8217,2067.13
b6d238cffb8de674,dflash,fp8,auto,FLASHINFER,False,gsm8k,64,0,75,500,0.0,,7.8217,2067.13
b6d238cffb8de674,dflash,fp8,auto,FLASHINFER,False,gsm8k,64,0,75,1000,0.0,,7.8217,2067.13
b6d238cffb8de674,dflash,fp8,auto,FLASHINFER,False,gsm8k,64,1,20,200,0.0,,8.4845,2063.36
b6d238cffb8de674,dflash,fp8,auto,FLASHINFER,False,gsm8k,64,1,20,500,0.0,,8.4845,2063.36
b6d238cffb8de674,dflash,fp8,auto,FLASHINFER,False,gsm8k,64,1,20,1000,0.0,,8.4845,2063.36
b6d238cffb8de674,dflash,fp8,auto,FLASHINFER,False,gsm8k,64,1,35,200,0.0,,8.4845,2063.36
b6d238cffb8de674,dflash,fp8,auto,FLASHINFER,False,gsm8k,64,1,35,500,0.0,,8.4845,2063.36
b6d238cffb8de674,dflash,fp8,auto,FLASHINFER,False,gsm8k,64,1,35,1000,0.0,,8.4845,2063.36
b6d238cffb8de674,dflash,fp8,auto,FLASHINFER,False,gsm8k,64,1,50,200,0.0,,8.4845,2063.36
b6d238cffb8de674,dflash,fp8,auto,FLASHINFER,False,gsm8k,64,1,50,500,0.0,,8.4845,2063.36
b6d238cffb8de674,dflash,fp8,auto,FLASHINFER,False,gsm8k,64,1,50,1000,0.0,,8.4845,2063.36
b6d238cffb8de674,dflash,fp8,auto,FLASHINFER,False,gsm8k,64,1,75,200,0.0,,8.4845,2063.36
b6d238cffb8de674,dflash,fp8,auto,FLASHINFER,False,gsm8k,64,1,75,500,0.0,,8.4845,2063.36
b6d238cffb8de674,dflash,fp8,auto,FLASHINFER,False,gsm8k,64,1,75,1000,0.0,,8.4845,2063.36
c34be7ff629210e8,none,fp8,fp8_e4m3,FLASHINFER,True,gsm8k,1,0,20,200,0.0,,0.0808,21.18
c34be7ff629210e8,none,fp8,fp8_e4m3,FLASHINFER,True,gsm8k,1,0,20,500,0.0,,0.0808,21.18
c34be7ff629210e8,none,fp8,fp8_e4m3,FLASHINFER,True,gsm8k,1,0,20,1000,0.0,,0.0808,21.18
c34be7ff629210e8,none,fp8,fp8_e4m3,FLASHINFER,True,gsm8k,1,0,35,200,0.0,,0.0808,21.18
c34be7ff629210e8,none,fp8,fp8_e4m3,FLASHINFER,True,gsm8k,1,0,35,500,0.0,,0.0808,21.18
c34be7ff629210e8,none,fp8,fp8_e4m3,FLASHINFER,True,gsm8k,1,0,35,1000,0.0,,0.0808,21.18
c34be7ff629210e8,none,fp8,fp8_e4m3,FLASHINFER,True,gsm8k,1,0,50,200,0.0,,0.0808,21.18
c34be7ff629210e8,none,fp8,fp8_e4m3,FLASHINFER,True,gsm8k,1,0,50,500,0.0,,0.0808,21.18
c34be7ff629210e8,none,fp8,fp8_e4m3,FLASHINFER,True,gsm8k,1,0,50,1000,0.0,,0.0808,21.18
c34be7ff629210e8,none,fp8,fp8_e4m3,FLASHINFER,True,gsm8k,1,0,75,200,0.0,,0.0808,21.18
c34be7ff629210e8,none,fp8,fp8_e4m3,FLASHINFER,True,gsm8k,1,0,75,500,0.0,,0.0808,21.18
c34be7ff629210e8,none,fp8,fp8_e4m3,FLASHINFER,True,gsm8k,1,0,75,1000,0.0,,0.0808,21.18
c34be7ff629210e8,none,fp8,fp8_e4m3,FLASHINFER,True,gsm8k,1,1,20,200,0.0,,0.0798,21.3
c34be7ff629210e8,none,fp8,fp8_e4m3,FLASHINFER,True,gsm8k,1,1,20,500,0.0,,0.0798,21.3
c34be7ff629210e8,none,fp8,fp8_e4m3,FLASHINFER,True,gsm8k,1,1,20,1000,0.0,,0.0798,21.3
c34be7ff629210e8,none,fp8,fp8_e4m3,FLASHINFER,True,gsm8k,1,1,35,200,0.0,,0.0798,21.3
c34be7ff629210e8,none,fp8,fp8_e4m3,FLASHINFER,True,gsm8k,1,1,35,500,0.0,,0.0798,21.3
c34be7ff629210e8,none,fp8,fp8_e4m3,FLASHINFER,True,gsm8k,1,1,35,1000,0.0,,0.0798,21.3
c34be7ff629210e8,none,fp8,fp8_e4m3,FLASHINFER,True,gsm8k,1,1,50,200,0.0,,0.0798,21.3
c34be7ff629210e8,none,fp8,fp8_e4m3,FLASHINFER,True,gsm8k,1,1,50,500,0.0,,0.0798,21.3
c34be7ff629210e8,none,fp8,fp8_e4m3,FLASHINFER,True,gsm8k,1,1,50,1000,0.0,,0.0798,21.3
c34be7ff629210e8,none,fp8,fp8_e4m3,FLASHINFER,True,gsm8k,1,1,75,200,0.0,,0.0798,21.3
c34be7ff629210e8,none,fp8,fp8_e4m3,FLASHINFER,True,gsm8k,1,1,75,500,0.0,,0.0798,21.3
c34be7ff629210e8,none,fp8,fp8_e4m3,FLASHINFER,True,gsm8k,1,1,75,1000,0.0,,0.0798,21.3
c34be7ff629210e8,none,fp8,fp8_e4m3,FLASHINFER,True,gsm8k,16,0,20,200,0.0,,0.8915,239.03
c34be7ff629210e8,none,fp8,fp8_e4m3,FLASHINFER,True,gsm8k,16,0,20,500,0.0,,0.8915,239.03
c34be7ff629210e8,none,fp8,fp8_e4m3,FLASHINFER,True,gsm8k,16,0,20,1000,0.0,,0.8915,239.03
c34be7ff629210e8,none,fp8,fp8_e4m3,FLASHINFER,True,gsm8k,16,0,35,200,0.0,,0.8915,239.03
c34be7ff629210e8,none,fp8,fp8_e4m3,FLASHINFER,True,gsm8k,16,0,35,500,0.0,,0.8915,239.03
c34be7ff629210e8,none,fp8,fp8_e4m3,FLASHINFER,True,gsm8k,16,0,35,1000,0.0,,0.8915,239.03
c34be7ff629210e8,none,fp8,fp8_e4m3,FLASHINFER,True,gsm8k,16,0,50,200,0.0,,0.8915,239.03
c34be7ff629210e8,none,fp8,fp8_e4m3,FLASHINFER,True,gsm8k,16,0,50,500,0.0,,0.8915,239.03
c34be7ff629210e8,none,fp8,fp8_e4m3,FLASHINFER,True,gsm8k,16,0,50,1000,0.0,,0.8915,239.03
c34be7ff629210e8,none,fp8,fp8_e4m3,FLASHINFER,True,gsm8k,16,0,75,200,0.0,,0.8915,239.03
c34be7ff629210e8,none,fp8,fp8_e4m3,FLASHINFER,True,gsm8k,16,0,75,500,0.0,,0.8915,239.03
c34be7ff629210e8,none,fp8,fp8_e4m3,FLASHINFER,True,gsm8k,16,0,75,1000,0.0,,0.8915,239.03
c34be7ff629210e8,none,fp8,fp8_e4m3,FLASHINFER,True,gsm8k,16,1,20,200,0.0,,0.9073,226.85
c34be7ff629210e8,none,fp8,fp8_e4m3,FLASHINFER,True,gsm8k,16,1,20,500,0.0,,0.9073,226.85
c34be7ff629210e8,none,fp8,fp8_e4m3,FLASHINFER,True,gsm8k,16,1,20,1000,0.0,,0.9073,226.85
c34be7ff629210e8,none,fp8,fp8_e4m3,FLASHINFER,True,gsm8k,16,1,35,200,0.0,,0.9073,226.85
c34be7ff629210e8,none,fp8,fp8_e4m3,FLASHINFER,True,gsm8k,16,1,35,500,0.0,,0.9073,226.85
c34be7ff629210e8,none,fp8,fp8_e4m3,FLASHINFER,True,gsm8k,16,1,35,1000,0.0,,0.9073,226.85
c34be7ff629210e8,none,fp8,fp8_e4m3,FLASHINFER,True,gsm8k,16,1,50,200,0.0,,0.9073,226.85
c34be7ff629210e8,none,fp8,fp8_e4m3,FLASHINFER,True,gsm8k,16,1,50,500,0.0,,0.9073,226.85
c34be7ff629210e8,none,fp8,fp8_e4m3,FLASHINFER,True,gsm8k,16,1,50,1000,0.0,,0.9073,226.85
c34be7ff629210e8,none,fp8,fp8_e4m3,FLASHINFER,True,gsm8k,16,1,75,200,0.0,,0.9073,226.85
c34be7ff629210e8,none,fp8,fp8_e4m3,FLASHINFER,True,gsm8k,16,1,75,500,0.0,,0.9073,226.85
c34be7ff629210e8,none,fp8,fp8_e4m3,FLASHINFER,True,gsm8k,16,1,75,1000,0.0,,0.9073,226.85
c34be7ff629210e8,none,fp8,fp8_e4m3,FLASHINFER,True,gsm8k,64,0,20,200,0.0,,3.2451,856.09
c34be7ff629210e8,none,fp8,fp8_e4m3,FLASHINFER,True,gsm8k,64,0,20,500,0.0,,3.2451,856.09
c34be7ff629210e8,none,fp8,fp8_e4m3,FLASHINFER,True,gsm8k,64,0,20,1000,0.0,,3.2451,856.09
c34be7ff629210e8,none,fp8,fp8_e4m3,FLASHINFER,True,gsm8k,64,0,35,200,0.0,,3.2451,856.09
c34be7ff629210e8,none,fp8,fp8_e4m3,FLASHINFER,True,gsm8k,64,0,35,500,0.0,,3.2451,856.09
c34be7ff629210e8,none,fp8,fp8_e4m3,FLASHINFER,True,gsm8k,64,0,35,1000,0.0,,3.2451,856.09
c34be7ff629210e8,none,fp8,fp8_e4m3,FLASHINFER,True,gsm8k,64,0,50,200,0.0,,3.2451,856.09
c34be7ff629210e8,none,fp8,fp8_e4m3,FLASHINFER,True,gsm8k,64,0,50,500,0.0,,3.2451,856.09
c34be7ff629210e8,none,fp8,fp8_e4m3,FLASHINFER,True,gsm8k,64,0,50,1000,0.0,,3.2451,856.09
c34be7ff629210e8,none,fp8,fp8_e4m3,FLASHINFER,True,gsm8k,64,0,75,200,0.0,,3.2451,856.09
c34be7ff629210e8,none,fp8,fp8_e4m3,FLASHINFER,True,gsm8k,64,0,75,500,0.0,,3.2451,856.09
c34be7ff629210e8,none,fp8,fp8_e4m3,FLASHINFER,True,gsm8k,64,0,75,1000,0.0,,3.2451,856.09
c34be7ff629210e8,none,fp8,fp8_e4m3,FLASHINFER,True,gsm8k,64,1,20,200,0.0,,3.0525,750.45
c34be7ff629210e8,none,fp8,fp8_e4m3,FLASHINFER,True,gsm8k,64,1,20,500,0.0,,3.0525,750.45
c34be7ff629210e8,none,fp8,fp8_e4m3,FLASHINFER,True,gsm8k,64,1,20,1000,0.0,,3.0525,750.45
c34be7ff629210e8,none,fp8,fp8_e4m3,FLASHINFER,True,gsm8k,64,1,35,200,0.0,,3.0525,750.45
c34be7ff629210e8,none,fp8,fp8_e4m3,FLASHINFER,True,gsm8k,64,1,35,500,0.0,,3.0525,750.45
c34be7ff629210e8,none,fp8,fp8_e4m3,FLASHINFER,True,gsm8k,64,1,35,1000,0.0,,3.0525,750.45
c34be7ff629210e8,none,fp8,fp8_e4m3,FLASHINFER,True,gsm8k,64,1,50,200,0.0,,3.0525,750.45
c34be7ff629210e8,none,fp8,fp8_e4m3,FLASHINFER,True,gsm8k,64,1,50,500,0.0,,3.0525,750.45
c34be7ff629210e8,none,fp8,fp8_e4m3,FLASHINFER,True,gsm8k,64,1,50,1000,0.0,,3.0525,750.45
c34be7ff629210e8,none,fp8,fp8_e4m3,FLASHINFER,True,gsm8k,64,1,75,200,0.0,,3.0525,750.45
c34be7ff629210e8,none,fp8,fp8_e4m3,FLASHINFER,True,gsm8k,64,1,75,500,0.0,,3.0525,750.45
c34be7ff629210e8,none,fp8,fp8_e4m3,FLASHINFER,True,gsm8k,64,1,75,1000,0.0,,3.0525,750.45
c6519fb025e64635,dflash,bf16,auto,FLASHINFER,False,gsm8k,1,0,20,200,0.0,,0.2661,66.46
c6519fb025e64635,dflash,bf16,auto,FLASHINFER,False,gsm8k,1,0,20,500,0.0,,0.2661,66.46
c6519fb025e64635,dflash,bf16,auto,FLASHINFER,False,gsm8k,1,0,20,1000,0.0,,0.2661,66.46
c6519fb025e64635,dflash,bf16,auto,FLASHINFER,False,gsm8k,1,0,35,200,0.0,,0.2661,66.46
c6519fb025e64635,dflash,bf16,auto,FLASHINFER,False,gsm8k,1,0,35,500,0.0,,0.2661,66.46
c6519fb025e64635,dflash,bf16,auto,FLASHINFER,False,gsm8k,1,0,35,1000,0.0,,0.2661,66.46
c6519fb025e64635,dflash,bf16,auto,FLASHINFER,False,gsm8k,1,0,50,200,0.0,,0.2661,66.46
c6519fb025e64635,dflash,bf16,auto,FLASHINFER,False,gsm8k,1,0,50,500,0.0,,0.2661,66.46
c6519fb025e64635,dflash,bf16,auto,FLASHINFER,False,gsm8k,1,0,50,1000,0.0,,0.2661,66.46
c6519fb025e64635,dflash,bf16,auto,FLASHINFER,False,gsm8k,1,0,75,200,0.0,,0.2661,66.46
c6519fb025e64635,dflash,bf16,auto,FLASHINFER,False,gsm8k,1,0,75,500,0.0,,0.2661,66.46
c6519fb025e64635,dflash,bf16,auto,FLASHINFER,False,gsm8k,1,0,75,1000,0.0,,0.2661,66.46
c6519fb025e64635,dflash,bf16,auto,FLASHINFER,False,gsm8k,1,1,20,200,0.0,,0.2904,73.56
c6519fb025e64635,dflash,bf16,auto,FLASHINFER,False,gsm8k,1,1,20,500,0.0,,0.2904,73.56
c6519fb025e64635,dflash,bf16,auto,FLASHINFER,False,gsm8k,1,1,20,1000,0.0,,0.2904,73.56
c6519fb025e64635,dflash,bf16,auto,FLASHINFER,False,gsm8k,1,1,35,200,0.0,,0.2904,73.56
c6519fb025e64635,dflash,bf16,auto,FLASHINFER,False,gsm8k,1,1,35,500,0.0,,0.2904,73.56
c6519fb025e64635,dflash,bf16,auto,FLASHINFER,False,gsm8k,1,1,35,1000,0.0,,0.2904,73.56
c6519fb025e64635,dflash,bf16,auto,FLASHINFER,False,gsm8k,1,1,50,200,0.0,,0.2904,73.56
c6519fb025e64635,dflash,bf16,auto,FLASHINFER,False,gsm8k,1,1,50,500,0.0,,0.2904,73.56
c6519fb025e64635,dflash,bf16,auto,FLASHINFER,False,gsm8k,1,1,50,1000,0.0,,0.2904,73.56
c6519fb025e64635,dflash,bf16,auto,FLASHINFER,False,gsm8k,1,1,75,200,0.0,,0.2904,73.56
c6519fb025e64635,dflash,bf16,auto,FLASHINFER,False,gsm8k,1,1,75,500,0.0,,0.2904,73.56
c6519fb025e64635,dflash,bf16,auto,FLASHINFER,False,gsm8k,1,1,75,1000,0.0,,0.2904,73.56
c6519fb025e64635,dflash,bf16,auto,FLASHINFER,False,gsm8k,16,0,20,200,0.0,,2.8981,754.86
c6519fb025e64635,dflash,bf16,auto,FLASHINFER,False,gsm8k,16,0,20,500,0.0,,2.8981,754.86
c6519fb025e64635,dflash,bf16,auto,FLASHINFER,False,gsm8k,16,0,20,1000,0.0,,2.8981,754.86
c6519fb025e64635,dflash,bf16,auto,FLASHINFER,False,gsm8k,16,0,35,200,0.0,,2.8981,754.86
c6519fb025e64635,dflash,bf16,auto,FLASHINFER,False,gsm8k,16,0,35,500,0.0,,2.8981,754.86
c6519fb025e64635,dflash,bf16,auto,FLASHINFER,False,gsm8k,16,0,35,1000,0.0,,2.8981,754.86
c6519fb025e64635,dflash,bf16,auto,FLASHINFER,False,gsm8k,16,0,50,200,0.0,,2.8981,754.86
c6519fb025e64635,dflash,bf16,auto,FLASHINFER,False,gsm8k,16,0,50,500,0.0,,2.8981,754.86
c6519fb025e64635,dflash,bf16,auto,FLASHINFER,False,gsm8k,16,0,50,1000,0.0,,2.8981,754.86
c6519fb025e64635,dflash,bf16,auto,FLASHINFER,False,gsm8k,16,0,75,200,0.0,,2.8981,754.86
c6519fb025e64635,dflash,bf16,auto,FLASHINFER,False,gsm8k,16,0,75,500,0.0,,2.8981,754.86
c6519fb025e64635,dflash,bf16,auto,FLASHINFER,False,gsm8k,16,0,75,1000,0.0,,2.8981,754.86
c6519fb025e64635,dflash,bf16,auto,FLASHINFER,False,gsm8k,16,1,20,200,0.0,,3.0186,723.99
c6519fb025e64635,dflash,bf16,auto,FLASHINFER,False,gsm8k,16,1,20,500,0.0,,3.0186,723.99
c6519fb025e64635,dflash,bf16,auto,FLASHINFER,False,gsm8k,16,1,20,1000,0.0,,3.0186,723.99
c6519fb025e64635,dflash,bf16,auto,FLASHINFER,False,gsm8k,16,1,35,200,0.0,,3.0186,723.99
c6519fb025e64635,dflash,bf16,auto,FLASHINFER,False,gsm8k,16,1,35,500,0.0,,3.0186,723.99
c6519fb025e64635,dflash,bf16,auto,FLASHINFER,False,gsm8k,16,1,35,1000,0.0,,3.0186,723.99
c6519fb025e64635,dflash,bf16,auto,FLASHINFER,False,gsm8k,16,1,50,200,0.0,,3.0186,723.99
c6519fb025e64635,dflash,bf16,auto,FLASHINFER,False,gsm8k,16,1,50,500,0.0,,3.0186,723.99
c6519fb025e64635,dflash,bf16,auto,FLASHINFER,False,gsm8k,16,1,50,1000,0.0,,3.0186,723.99
c6519fb025e64635,dflash,bf16,auto,FLASHINFER,False,gsm8k,16,1,75,200,0.0,,3.0186,723.99
c6519fb025e64635,dflash,bf16,auto,FLASHINFER,False,gsm8k,16,1,75,500,0.0,,3.0186,723.99
c6519fb025e64635,dflash,bf16,auto,FLASHINFER,False,gsm8k,16,1,75,1000,0.0,,3.0186,723.99
c6519fb025e64635,dflash,bf16,auto,FLASHINFER,False,gsm8k,64,0,20,200,0.0,,6.1499,1589.55
c6519fb025e64635,dflash,bf16,auto,FLASHINFER,False,gsm8k,64,0,20,500,0.0,,6.1499,1589.55
c6519fb025e64635,dflash,bf16,auto,FLASHINFER,False,gsm8k,64,0,20,1000,0.0,,6.1499,1589.55
c6519fb025e64635,dflash,bf16,auto,FLASHINFER,False,gsm8k,64,0,35,200,0.0,,6.1499,1589.55
c6519fb025e64635,dflash,bf16,auto,FLASHINFER,False,gsm8k,64,0,35,500,0.0,,6.1499,1589.55
c6519fb025e64635,dflash,bf16,auto,FLASHINFER,False,gsm8k,64,0,35,1000,0.0,,6.1499,1589.55
c6519fb025e64635,dflash,bf16,auto,FLASHINFER,False,gsm8k,64,0,50,200,0.0,,6.1499,1589.55
c6519fb025e64635,dflash,bf16,auto,FLASHINFER,False,gsm8k,64,0,50,500,0.0,,6.1499,1589.55
c6519fb025e64635,dflash,bf16,auto,FLASHINFER,False,gsm8k,64,0,50,1000,0.0,,6.1499,1589.55
c6519fb025e64635,dflash,bf16,auto,FLASHINFER,False,gsm8k,64,0,75,200,0.0,,6.1499,1589.55
c6519fb025e64635,dflash,bf16,auto,FLASHINFER,False,gsm8k,64,0,75,500,0.0,,6.1499,1589.55
c6519fb025e64635,dflash,bf16,auto,FLASHINFER,False,gsm8k,64,0,75,1000,0.0,,6.1499,1589.55
c6519fb025e64635,dflash,bf16,auto,FLASHINFER,False,gsm8k,64,1,20,200,0.0,,6.1673,1480.25
c6519fb025e64635,dflash,bf16,auto,FLASHINFER,False,gsm8k,64,1,20,500,0.0,,6.1673,1480.25
c6519fb025e64635,dflash,bf16,auto,FLASHINFER,False,gsm8k,64,1,20,1000,0.0,,6.1673,1480.25
c6519fb025e64635,dflash,bf16,auto,FLASHINFER,False,gsm8k,64,1,35,200,0.0,,6.1673,1480.25
c6519fb025e64635,dflash,bf16,auto,FLASHINFER,False,gsm8k,64,1,35,500,0.0,,6.1673,1480.25
c6519fb025e64635,dflash,bf16,auto,FLASHINFER,False,gsm8k,64,1,35,1000,0.0,,6.1673,1480.25
c6519fb025e64635,dflash,bf16,auto,FLASHINFER,False,gsm8k,64,1,50,200,0.0,,6.1673,1480.25
c6519fb025e64635,dflash,bf16,auto,FLASHINFER,False,gsm8k,64,1,50,500,0.0,,6.1673,1480.25
c6519fb025e64635,dflash,bf16,auto,FLASHINFER,False,gsm8k,64,1,50,1000,0.0,,6.1673,1480.25
c6519fb025e64635,dflash,bf16,auto,FLASHINFER,False,gsm8k,64,1,75,200,0.0,,6.1673,1480.25
c6519fb025e64635,dflash,bf16,auto,FLASHINFER,False,gsm8k,64,1,75,500,0.0,,6.1673,1480.25
c6519fb025e64635,dflash,bf16,auto,FLASHINFER,False,gsm8k,64,1,75,1000,0.0,,6.1673,1480.25
cc2e011a0a75bf57,none,fp8,auto,FLASHINFER,False,gsm8k,1,0,20,200,0.0,,0.1763,41.13
cc2e011a0a75bf57,none,fp8,auto,FLASHINFER,False,gsm8k,1,0,20,500,0.0,,0.1763,41.13
cc2e011a0a75bf57,none,fp8,auto,FLASHINFER,False,gsm8k,1,0,20,1000,0.0,,0.1763,41.13
cc2e011a0a75bf57,none,fp8,auto,FLASHINFER,False,gsm8k,1,0,35,200,0.0,,0.1763,41.13
cc2e011a0a75bf57,none,fp8,auto,FLASHINFER,False,gsm8k,1,0,35,500,0.0,,0.1763,41.13
cc2e011a0a75bf57,none,fp8,auto,FLASHINFER,False,gsm8k,1,0,35,1000,0.0,,0.1763,41.13
cc2e011a0a75bf57,none,fp8,auto,FLASHINFER,False,gsm8k,1,0,50,200,0.0,,0.1763,41.13
cc2e011a0a75bf57,none,fp8,auto,FLASHINFER,False,gsm8k,1,0,50,500,0.0,,0.1763,41.13
cc2e011a0a75bf57,none,fp8,auto,FLASHINFER,False,gsm8k,1,0,50,1000,0.0,,0.1763,41.13
cc2e011a0a75bf57,none,fp8,auto,FLASHINFER,False,gsm8k,1,0,75,200,0.0,,0.1763,41.13
cc2e011a0a75bf57,none,fp8,auto,FLASHINFER,False,gsm8k,1,0,75,500,0.0,,0.1763,41.13
cc2e011a0a75bf57,none,fp8,auto,FLASHINFER,False,gsm8k,1,0,75,1000,0.0,,0.1763,41.13
cc2e011a0a75bf57,none,fp8,auto,FLASHINFER,False,gsm8k,1,1,20,200,0.0,,0.1669,41.51
cc2e011a0a75bf57,none,fp8,auto,FLASHINFER,False,gsm8k,1,1,20,500,0.0,,0.1669,41.51
cc2e011a0a75bf57,none,fp8,auto,FLASHINFER,False,gsm8k,1,1,20,1000,0.0,,0.1669,41.51
cc2e011a0a75bf57,none,fp8,auto,FLASHINFER,False,gsm8k,1,1,35,200,0.0,,0.1669,41.51
cc2e011a0a75bf57,none,fp8,auto,FLASHINFER,False,gsm8k,1,1,35,500,0.0,,0.1669,41.51
cc2e011a0a75bf57,none,fp8,auto,FLASHINFER,False,gsm8k,1,1,35,1000,0.0,,0.1669,41.51
cc2e011a0a75bf57,none,fp8,auto,FLASHINFER,False,gsm8k,1,1,50,200,0.0,,0.1669,41.51
cc2e011a0a75bf57,none,fp8,auto,FLASHINFER,False,gsm8k,1,1,50,500,0.0,,0.1669,41.51
cc2e011a0a75bf57,none,fp8,auto,FLASHINFER,False,gsm8k,1,1,50,1000,0.0,,0.1669,41.51
cc2e011a0a75bf57,none,fp8,auto,FLASHINFER,False,gsm8k,1,1,75,200,0.0,,0.1669,41.51
cc2e011a0a75bf57,none,fp8,auto,FLASHINFER,False,gsm8k,1,1,75,500,0.0,,0.1669,41.51
cc2e011a0a75bf57,none,fp8,auto,FLASHINFER,False,gsm8k,1,1,75,1000,0.0,,0.1669,41.51
cc2e011a0a75bf57,none,fp8,auto,FLASHINFER,False,gsm8k,16,0,20,200,0.0,,1.6499,434.51
cc2e011a0a75bf57,none,fp8,auto,FLASHINFER,False,gsm8k,16,0,20,500,0.0,,1.6499,434.51
cc2e011a0a75bf57,none,fp8,auto,FLASHINFER,False,gsm8k,16,0,20,1000,0.0,,1.6499,434.51
cc2e011a0a75bf57,none,fp8,auto,FLASHINFER,False,gsm8k,16,0,35,200,0.0,,1.6499,434.51
cc2e011a0a75bf57,none,fp8,auto,FLASHINFER,False,gsm8k,16,0,35,500,0.0,,1.6499,434.51
cc2e011a0a75bf57,none,fp8,auto,FLASHINFER,False,gsm8k,16,0,35,1000,0.0,,1.6499,434.51
cc2e011a0a75bf57,none,fp8,auto,FLASHINFER,False,gsm8k,16,0,50,200,0.0,,1.6499,434.51
cc2e011a0a75bf57,none,fp8,auto,FLASHINFER,False,gsm8k,16,0,50,500,0.0,,1.6499,434.51
cc2e011a0a75bf57,none,fp8,auto,FLASHINFER,False,gsm8k,16,0,50,1000,0.0,,1.6499,434.51
cc2e011a0a75bf57,none,fp8,auto,FLASHINFER,False,gsm8k,16,0,75,200,0.0,,1.6499,434.51
cc2e011a0a75bf57,none,fp8,auto,FLASHINFER,False,gsm8k,16,0,75,500,0.0,,1.6499,434.51
cc2e011a0a75bf57,none,fp8,auto,FLASHINFER,False,gsm8k,16,0,75,1000,0.0,,1.6499,434.51
cc2e011a0a75bf57,none,fp8,auto,FLASHINFER,False,gsm8k,16,1,20,200,0.0,,1.6696,403.05
cc2e011a0a75bf57,none,fp8,auto,FLASHINFER,False,gsm8k,16,1,20,500,0.0,,1.6696,403.05
cc2e011a0a75bf57,none,fp8,auto,FLASHINFER,False,gsm8k,16,1,20,1000,0.0,,1.6696,403.05
cc2e011a0a75bf57,none,fp8,auto,FLASHINFER,False,gsm8k,16,1,35,200,0.0,,1.6696,403.05
cc2e011a0a75bf57,none,fp8,auto,FLASHINFER,False,gsm8k,16,1,35,500,0.0,,1.6696,403.05
cc2e011a0a75bf57,none,fp8,auto,FLASHINFER,False,gsm8k,16,1,35,1000,0.0,,1.6696,403.05
cc2e011a0a75bf57,none,fp8,auto,FLASHINFER,False,gsm8k,16,1,50,200,0.0,,1.6696,403.05
cc2e011a0a75bf57,none,fp8,auto,FLASHINFER,False,gsm8k,16,1,50,500,0.0,,1.6696,403.05
cc2e011a0a75bf57,none,fp8,auto,FLASHINFER,False,gsm8k,16,1,50,1000,0.0,,1.6696,403.05
cc2e011a0a75bf57,none,fp8,auto,FLASHINFER,False,gsm8k,16,1,75,200,0.0,,1.6696,403.05
cc2e011a0a75bf57,none,fp8,auto,FLASHINFER,False,gsm8k,16,1,75,500,0.0,,1.6696,403.05
cc2e011a0a75bf57,none,fp8,auto,FLASHINFER,False,gsm8k,16,1,75,1000,0.0,,1.6696,403.05
cc2e011a0a75bf57,none,fp8,auto,FLASHINFER,False,gsm8k,64,0,20,200,0.0,,4.9174,1267.83
cc2e011a0a75bf57,none,fp8,auto,FLASHINFER,False,gsm8k,64,0,20,500,0.0,,4.9174,1267.83
cc2e011a0a75bf57,none,fp8,auto,FLASHINFER,False,gsm8k,64,0,20,1000,0.0,,4.9174,1267.83
cc2e011a0a75bf57,none,fp8,auto,FLASHINFER,False,gsm8k,64,0,35,200,0.0,,4.9174,1267.83
cc2e011a0a75bf57,none,fp8,auto,FLASHINFER,False,gsm8k,64,0,35,500,0.0,,4.9174,1267.83
cc2e011a0a75bf57,none,fp8,auto,FLASHINFER,False,gsm8k,64,0,35,1000,0.0,,4.9174,1267.83
cc2e011a0a75bf57,none,fp8,auto,FLASHINFER,False,gsm8k,64,0,50,200,0.0,,4.9174,1267.83
cc2e011a0a75bf57,none,fp8,auto,FLASHINFER,False,gsm8k,64,0,50,500,0.0,,4.9174,1267.83
cc2e011a0a75bf57,none,fp8,auto,FLASHINFER,False,gsm8k,64,0,50,1000,0.0,,4.9174,1267.83
cc2e011a0a75bf57,none,fp8,auto,FLASHINFER,False,gsm8k,64,0,75,200,0.0,,4.9174,1267.83
cc2e011a0a75bf57,none,fp8,auto,FLASHINFER,False,gsm8k,64,0,75,500,0.0,,4.9174,1267.83
cc2e011a0a75bf57,none,fp8,auto,FLASHINFER,False,gsm8k,64,0,75,1000,0.0,,4.9174,1267.83
cc2e011a0a75bf57,none,fp8,auto,FLASHINFER,False,gsm8k,64,1,20,200,0.0,,5.1186,1236.5
cc2e011a0a75bf57,none,fp8,auto,FLASHINFER,False,gsm8k,64,1,20,500,0.0,,5.1186,1236.5
cc2e011a0a75bf57,none,fp8,auto,FLASHINFER,False,gsm8k,64,1,20,1000,0.0,,5.1186,1236.5
cc2e011a0a75bf57,none,fp8,auto,FLASHINFER,False,gsm8k,64,1,35,200,0.0,,5.1186,1236.5
cc2e011a0a75bf57,none,fp8,auto,FLASHINFER,False,gsm8k,64,1,35,500,0.0,,5.1186,1236.5
cc2e011a0a75bf57,none,fp8,auto,FLASHINFER,False,gsm8k,64,1,35,1000,0.0,,5.1186,1236.5
cc2e011a0a75bf57,none,fp8,auto,FLASHINFER,False,gsm8k,64,1,50,200,0.0,,5.1186,1236.5
cc2e011a0a75bf57,none,fp8,auto,FLASHINFER,False,gsm8k,64,1,50,500,0.0,,5.1186,1236.5
cc2e011a0a75bf57,none,fp8,auto,FLASHINFER,False,gsm8k,64,1,50,1000,0.0,,5.1186,1236.5
cc2e011a0a75bf57,none,fp8,auto,FLASHINFER,False,gsm8k,64,1,75,200,0.0,,5.1186,1236.5
cc2e011a0a75bf57,none,fp8,auto,FLASHINFER,False,gsm8k,64,1,75,500,0.0,,5.1186,1236.5
cc2e011a0a75bf57,none,fp8,auto,FLASHINFER,False,gsm8k,64,1,75,1000,0.0,,5.1186,1236.5
cfc9cc06bb80922f,dflash,fp8,auto,FLASHINFER,True,gsm8k,1,0,20,200,0.0,,0.2683,68.21
cfc9cc06bb80922f,dflash,fp8,auto,FLASHINFER,True,gsm8k,1,0,20,500,0.0,,0.2683,68.21
cfc9cc06bb80922f,dflash,fp8,auto,FLASHINFER,True,gsm8k,1,0,20,1000,0.0,,0.2683,68.21
cfc9cc06bb80922f,dflash,fp8,auto,FLASHINFER,True,gsm8k,1,0,35,200,0.0,,0.2683,68.21
cfc9cc06bb80922f,dflash,fp8,auto,FLASHINFER,True,gsm8k,1,0,35,500,0.0,,0.2683,68.21
cfc9cc06bb80922f,dflash,fp8,auto,FLASHINFER,True,gsm8k,1,0,35,1000,0.0,,0.2683,68.21
cfc9cc06bb80922f,dflash,fp8,auto,FLASHINFER,True,gsm8k,1,0,50,200,0.0,,0.2683,68.21
cfc9cc06bb80922f,dflash,fp8,auto,FLASHINFER,True,gsm8k,1,0,50,500,0.0,,0.2683,68.21
cfc9cc06bb80922f,dflash,fp8,auto,FLASHINFER,True,gsm8k,1,0,50,1000,0.0,,0.2683,68.21
cfc9cc06bb80922f,dflash,fp8,auto,FLASHINFER,True,gsm8k,1,0,75,200,0.0,,0.2683,68.21
cfc9cc06bb80922f,dflash,fp8,auto,FLASHINFER,True,gsm8k,1,0,75,500,0.0,,0.2683,68.21
cfc9cc06bb80922f,dflash,fp8,auto,FLASHINFER,True,gsm8k,1,0,75,1000,0.0,,0.2683,68.21
cfc9cc06bb80922f,dflash,fp8,auto,FLASHINFER,True,gsm8k,1,1,20,200,0.0,,0.2982,75.78
cfc9cc06bb80922f,dflash,fp8,auto,FLASHINFER,True,gsm8k,1,1,20,500,0.0,,0.2982,75.78
cfc9cc06bb80922f,dflash,fp8,auto,FLASHINFER,True,gsm8k,1,1,20,1000,0.0,,0.2982,75.78
cfc9cc06bb80922f,dflash,fp8,auto,FLASHINFER,True,gsm8k,1,1,35,200,0.0,,0.2982,75.78
cfc9cc06bb80922f,dflash,fp8,auto,FLASHINFER,True,gsm8k,1,1,35,500,0.0,,0.2982,75.78
cfc9cc06bb80922f,dflash,fp8,auto,FLASHINFER,True,gsm8k,1,1,35,1000,0.0,,0.2982,75.78
cfc9cc06bb80922f,dflash,fp8,auto,FLASHINFER,True,gsm8k,1,1,50,200,0.0,,0.2982,75.78
cfc9cc06bb80922f,dflash,fp8,auto,FLASHINFER,True,gsm8k,1,1,50,500,0.0,,0.2982,75.78
cfc9cc06bb80922f,dflash,fp8,auto,FLASHINFER,True,gsm8k,1,1,50,1000,0.0,,0.2982,75.78
cfc9cc06bb80922f,dflash,fp8,auto,FLASHINFER,True,gsm8k,1,1,75,200,0.0,,0.2982,75.78
cfc9cc06bb80922f,dflash,fp8,auto,FLASHINFER,True,gsm8k,1,1,75,500,0.0,,0.2982,75.78
cfc9cc06bb80922f,dflash,fp8,auto,FLASHINFER,True,gsm8k,1,1,75,1000,0.0,,0.2982,75.78
cfc9cc06bb80922f,dflash,fp8,auto,FLASHINFER,True,gsm8k,16,0,20,200,0.0,,2.8291,760.15
cfc9cc06bb80922f,dflash,fp8,auto,FLASHINFER,True,gsm8k,16,0,20,500,0.0,,2.8291,760.15
cfc9cc06bb80922f,dflash,fp8,auto,FLASHINFER,True,gsm8k,16,0,20,1000,0.0,,2.8291,760.15
cfc9cc06bb80922f,dflash,fp8,auto,FLASHINFER,True,gsm8k,16,0,35,200,0.0,,2.8291,760.15
cfc9cc06bb80922f,dflash,fp8,auto,FLASHINFER,True,gsm8k,16,0,35,500,0.0,,2.8291,760.15
cfc9cc06bb80922f,dflash,fp8,auto,FLASHINFER,True,gsm8k,16,0,35,1000,0.0,,2.8291,760.15
cfc9cc06bb80922f,dflash,fp8,auto,FLASHINFER,True,gsm8k,16,0,50,200,0.0,,2.8291,760.15
cfc9cc06bb80922f,dflash,fp8,auto,FLASHINFER,True,gsm8k,16,0,50,500,0.0,,2.8291,760.15
cfc9cc06bb80922f,dflash,fp8,auto,FLASHINFER,True,gsm8k,16,0,50,1000,0.0,,2.8291,760.15
cfc9cc06bb80922f,dflash,fp8,auto,FLASHINFER,True,gsm8k,16,0,75,200,0.0,,2.8291,760.15
cfc9cc06bb80922f,dflash,fp8,auto,FLASHINFER,True,gsm8k,16,0,75,500,0.0,,2.8291,760.15
cfc9cc06bb80922f,dflash,fp8,auto,FLASHINFER,True,gsm8k,16,0,75,1000,0.0,,2.8291,760.15
cfc9cc06bb80922f,dflash,fp8,auto,FLASHINFER,True,gsm8k,16,1,20,200,0.0,,3.3509,801.8
cfc9cc06bb80922f,dflash,fp8,auto,FLASHINFER,True,gsm8k,16,1,20,500,0.0,,3.3509,801.8
cfc9cc06bb80922f,dflash,fp8,auto,FLASHINFER,True,gsm8k,16,1,20,1000,0.0,,3.3509,801.8
cfc9cc06bb80922f,dflash,fp8,auto,FLASHINFER,True,gsm8k,16,1,35,200,0.0,,3.3509,801.8
cfc9cc06bb80922f,dflash,fp8,auto,FLASHINFER,True,gsm8k,16,1,35,500,0.0,,3.3509,801.8
cfc9cc06bb80922f,dflash,fp8,auto,FLASHINFER,True,gsm8k,16,1,35,1000,0.0,,3.3509,801.8
cfc9cc06bb80922f,dflash,fp8,auto,FLASHINFER,True,gsm8k,16,1,50,200,0.0,,3.3509,801.8
cfc9cc06bb80922f,dflash,fp8,auto,FLASHINFER,True,gsm8k,16,1,50,500,0.0,,3.3509,801.8
cfc9cc06bb80922f,dflash,fp8,auto,FLASHINFER,True,gsm8k,16,1,50,1000,0.0,,3.3509,801.8
cfc9cc06bb80922f,dflash,fp8,auto,FLASHINFER,True,gsm8k,16,1,75,200,0.0,,3.3509,801.8
cfc9cc06bb80922f,dflash,fp8,auto,FLASHINFER,True,gsm8k,16,1,75,500,0.0,,3.3509,801.8
cfc9cc06bb80922f,dflash,fp8,auto,FLASHINFER,True,gsm8k,16,1,75,1000,0.0,,3.3509,801.8
cfc9cc06bb80922f,dflash,fp8,auto,FLASHINFER,True,gsm8k,64,0,20,200,0.0,,7.2171,1898.54
cfc9cc06bb80922f,dflash,fp8,auto,FLASHINFER,True,gsm8k,64,0,20,500,0.0,,7.2171,1898.54
cfc9cc06bb80922f,dflash,fp8,auto,FLASHINFER,True,gsm8k,64,0,20,1000,0.0,,7.2171,1898.54
cfc9cc06bb80922f,dflash,fp8,auto,FLASHINFER,True,gsm8k,64,0,35,200,0.0,,7.2171,1898.54
cfc9cc06bb80922f,dflash,fp8,auto,FLASHINFER,True,gsm8k,64,0,35,500,0.0,,7.2171,1898.54
cfc9cc06bb80922f,dflash,fp8,auto,FLASHINFER,True,gsm8k,64,0,35,1000,0.0,,7.2171,1898.54
cfc9cc06bb80922f,dflash,fp8,auto,FLASHINFER,True,gsm8k,64,0,50,200,0.0,,7.2171,1898.54
cfc9cc06bb80922f,dflash,fp8,auto,FLASHINFER,True,gsm8k,64,0,50,500,0.0,,7.2171,1898.54
cfc9cc06bb80922f,dflash,fp8,auto,FLASHINFER,True,gsm8k,64,0,50,1000,0.0,,7.2171,1898.54
cfc9cc06bb80922f,dflash,fp8,auto,FLASHINFER,True,gsm8k,64,0,75,200,0.0,,7.2171,1898.54
cfc9cc06bb80922f,dflash,fp8,auto,FLASHINFER,True,gsm8k,64,0,75,500,0.0,,7.2171,1898.54
cfc9cc06bb80922f,dflash,fp8,auto,FLASHINFER,True,gsm8k,64,0,75,1000,0.0,,7.2171,1898.54
cfc9cc06bb80922f,dflash,fp8,auto,FLASHINFER,True,gsm8k,64,1,20,200,0.0,,7.9971,1975.06
cfc9cc06bb80922f,dflash,fp8,auto,FLASHINFER,True,gsm8k,64,1,20,500,0.0,,7.9971,1975.06
cfc9cc06bb80922f,dflash,fp8,auto,FLASHINFER,True,gsm8k,64,1,20,1000,0.0,,7.9971,1975.06
cfc9cc06bb80922f,dflash,fp8,auto,FLASHINFER,True,gsm8k,64,1,35,200,0.0,,7.9971,1975.06
cfc9cc06bb80922f,dflash,fp8,auto,FLASHINFER,True,gsm8k,64,1,35,500,0.0,,7.9971,1975.06
cfc9cc06bb80922f,dflash,fp8,auto,FLASHINFER,True,gsm8k,64,1,35,1000,0.0,,7.9971,1975.06
cfc9cc06bb80922f,dflash,fp8,auto,FLASHINFER,True,gsm8k,64,1,50,200,0.0,,7.9971,1975.06
cfc9cc06bb80922f,dflash,fp8,auto,FLASHINFER,True,gsm8k,64,1,50,500,0.0,,7.9971,1975.06
cfc9cc06bb80922f,dflash,fp8,auto,FLASHINFER,True,gsm8k,64,1,50,1000,0.0,,7.9971,1975.06
cfc9cc06bb80922f,dflash,fp8,auto,FLASHINFER,True,gsm8k,64,1,75,200,0.0,,7.9971,1975.06
cfc9cc06bb80922f,dflash,fp8,auto,FLASHINFER,True,gsm8k,64,1,75,500,0.0,,7.9971,1975.06
cfc9cc06bb80922f,dflash,fp8,auto,FLASHINFER,True,gsm8k,64,1,75,1000,0.0,,7.9971,1975.06
f4d8fbdfdccc68f6,none,fp8,fp8_e4m3,FLASHINFER,False,gsm8k,1,0,20,200,0.0,,0.167,41.94
f4d8fbdfdccc68f6,none,fp8,fp8_e4m3,FLASHINFER,False,gsm8k,1,0,20,500,0.0,,0.167,41.94
f4d8fbdfdccc68f6,none,fp8,fp8_e4m3,FLASHINFER,False,gsm8k,1,0,20,1000,0.0,,0.167,41.94
f4d8fbdfdccc68f6,none,fp8,fp8_e4m3,FLASHINFER,False,gsm8k,1,0,35,200,0.0,,0.167,41.94
f4d8fbdfdccc68f6,none,fp8,fp8_e4m3,FLASHINFER,False,gsm8k,1,0,35,500,0.0,,0.167,41.94
f4d8fbdfdccc68f6,none,fp8,fp8_e4m3,FLASHINFER,False,gsm8k,1,0,35,1000,0.0,,0.167,41.94
f4d8fbdfdccc68f6,none,fp8,fp8_e4m3,FLASHINFER,False,gsm8k,1,0,50,200,0.0,,0.167,41.94
f4d8fbdfdccc68f6,none,fp8,fp8_e4m3,FLASHINFER,False,gsm8k,1,0,50,500,0.0,,0.167,41.94
f4d8fbdfdccc68f6,none,fp8,fp8_e4m3,FLASHINFER,False,gsm8k,1,0,50,1000,0.0,,0.167,41.94
f4d8fbdfdccc68f6,none,fp8,fp8_e4m3,FLASHINFER,False,gsm8k,1,0,75,200,0.0,,0.167,41.94
f4d8fbdfdccc68f6,none,fp8,fp8_e4m3,FLASHINFER,False,gsm8k,1,0,75,500,0.0,,0.167,41.94
f4d8fbdfdccc68f6,none,fp8,fp8_e4m3,FLASHINFER,False,gsm8k,1,0,75,1000,0.0,,0.167,41.94
f4d8fbdfdccc68f6,none,fp8,fp8_e4m3,FLASHINFER,False,gsm8k,1,1,20,200,0.0,,0.1686,42.62
f4d8fbdfdccc68f6,none,fp8,fp8_e4m3,FLASHINFER,False,gsm8k,1,1,20,500,0.0,,0.1686,42.62
f4d8fbdfdccc68f6,none,fp8,fp8_e4m3,FLASHINFER,False,gsm8k,1,1,20,1000,0.0,,0.1686,42.62
f4d8fbdfdccc68f6,none,fp8,fp8_e4m3,FLASHINFER,False,gsm8k,1,1,35,200,0.0,,0.1686,42.62
f4d8fbdfdccc68f6,none,fp8,fp8_e4m3,FLASHINFER,False,gsm8k,1,1,35,500,0.0,,0.1686,42.62
f4d8fbdfdccc68f6,none,fp8,fp8_e4m3,FLASHINFER,False,gsm8k,1,1,35,1000,0.0,,0.1686,42.62
f4d8fbdfdccc68f6,none,fp8,fp8_e4m3,FLASHINFER,False,gsm8k,1,1,50,200,0.0,,0.1686,42.62
f4d8fbdfdccc68f6,none,fp8,fp8_e4m3,FLASHINFER,False,gsm8k,1,1,50,500,0.0,,0.1686,42.62
f4d8fbdfdccc68f6,none,fp8,fp8_e4m3,FLASHINFER,False,gsm8k,1,1,50,1000,0.0,,0.1686,42.62
f4d8fbdfdccc68f6,none,fp8,fp8_e4m3,FLASHINFER,False,gsm8k,1,1,75,200,0.0,,0.1686,42.62
f4d8fbdfdccc68f6,none,fp8,fp8_e4m3,FLASHINFER,False,gsm8k,1,1,75,500,0.0,,0.1686,42.62
f4d8fbdfdccc68f6,none,fp8,fp8_e4m3,FLASHINFER,False,gsm8k,1,1,75,1000,0.0,,0.1686,42.62
f4d8fbdfdccc68f6,none,fp8,fp8_e4m3,FLASHINFER,False,gsm8k,16,0,20,200,0.0,,1.6342,448.86
f4d8fbdfdccc68f6,none,fp8,fp8_e4m3,FLASHINFER,False,gsm8k,16,0,20,500,0.0,,1.6342,448.86
f4d8fbdfdccc68f6,none,fp8,fp8_e4m3,FLASHINFER,False,gsm8k,16,0,20,1000,0.0,,1.6342,448.86
f4d8fbdfdccc68f6,none,fp8,fp8_e4m3,FLASHINFER,False,gsm8k,16,0,35,200,0.0,,1.6342,448.86
f4d8fbdfdccc68f6,none,fp8,fp8_e4m3,FLASHINFER,False,gsm8k,16,0,35,500,0.0,,1.6342,448.86
f4d8fbdfdccc68f6,none,fp8,fp8_e4m3,FLASHINFER,False,gsm8k,16,0,35,1000,0.0,,1.6342,448.86
f4d8fbdfdccc68f6,none,fp8,fp8_e4m3,FLASHINFER,False,gsm8k,16,0,50,200,0.0,,1.6342,448.86
f4d8fbdfdccc68f6,none,fp8,fp8_e4m3,FLASHINFER,False,gsm8k,16,0,50,500,0.0,,1.6342,448.86
f4d8fbdfdccc68f6,none,fp8,fp8_e4m3,FLASHINFER,False,gsm8k,16,0,50,1000,0.0,,1.6342,448.86
f4d8fbdfdccc68f6,none,fp8,fp8_e4m3,FLASHINFER,False,gsm8k,16,0,75,200,0.0,,1.6342,448.86
f4d8fbdfdccc68f6,none,fp8,fp8_e4m3,FLASHINFER,False,gsm8k,16,0,75,500,0.0,,1.6342,448.86
f4d8fbdfdccc68f6,none,fp8,fp8_e4m3,FLASHINFER,False,gsm8k,16,0,75,1000,0.0,,1.6342,448.86
f4d8fbdfdccc68f6,none,fp8,fp8_e4m3,FLASHINFER,False,gsm8k,16,1,20,200,0.0,,1.8526,453.87
f4d8fbdfdccc68f6,none,fp8,fp8_e4m3,FLASHINFER,False,gsm8k,16,1,20,500,0.0,,1.8526,453.87
f4d8fbdfdccc68f6,none,fp8,fp8_e4m3,FLASHINFER,False,gsm8k,16,1,20,1000,0.0,,1.8526,453.87
f4d8fbdfdccc68f6,none,fp8,fp8_e4m3,FLASHINFER,False,gsm8k,16,1,35,200,0.0,,1.8526,453.87
f4d8fbdfdccc68f6,none,fp8,fp8_e4m3,FLASHINFER,False,gsm8k,16,1,35,500,0.0,,1.8526,453.87
f4d8fbdfdccc68f6,none,fp8,fp8_e4m3,FLASHINFER,False,gsm8k,16,1,35,1000,0.0,,1.8526,453.87
f4d8fbdfdccc68f6,none,fp8,fp8_e4m3,FLASHINFER,False,gsm8k,16,1,50,200,0.0,,1.8526,453.87
f4d8fbdfdccc68f6,none,fp8,fp8_e4m3,FLASHINFER,False,gsm8k,16,1,50,500,0.0,,1.8526,453.87
f4d8fbdfdccc68f6,none,fp8,fp8_e4m3,FLASHINFER,False,gsm8k,16,1,50,1000,0.0,,1.8526,453.87
f4d8fbdfdccc68f6,none,fp8,fp8_e4m3,FLASHINFER,False,gsm8k,16,1,75,200,0.0,,1.8526,453.87
f4d8fbdfdccc68f6,none,fp8,fp8_e4m3,FLASHINFER,False,gsm8k,16,1,75,500,0.0,,1.8526,453.87
f4d8fbdfdccc68f6,none,fp8,fp8_e4m3,FLASHINFER,False,gsm8k,16,1,75,1000,0.0,,1.8526,453.87
f4d8fbdfdccc68f6,none,fp8,fp8_e4m3,FLASHINFER,False,gsm8k,64,0,20,200,0.0,,5.1275,1370.88
f4d8fbdfdccc68f6,none,fp8,fp8_e4m3,FLASHINFER,False,gsm8k,64,0,20,500,0.0,,5.1275,1370.88
f4d8fbdfdccc68f6,none,fp8,fp8_e4m3,FLASHINFER,False,gsm8k,64,0,20,1000,0.0,,5.1275,1370.88
f4d8fbdfdccc68f6,none,fp8,fp8_e4m3,FLASHINFER,False,gsm8k,64,0,35,200,0.0,,5.1275,1370.88
f4d8fbdfdccc68f6,none,fp8,fp8_e4m3,FLASHINFER,False,gsm8k,64,0,35,500,0.0,,5.1275,1370.88
f4d8fbdfdccc68f6,none,fp8,fp8_e4m3,FLASHINFER,False,gsm8k,64,0,35,1000,0.0,,5.1275,1370.88
f4d8fbdfdccc68f6,none,fp8,fp8_e4m3,FLASHINFER,False,gsm8k,64,0,50,200,0.0,,5.1275,1370.88
f4d8fbdfdccc68f6,none,fp8,fp8_e4m3,FLASHINFER,False,gsm8k,64,0,50,500,0.0,,5.1275,1370.88
f4d8fbdfdccc68f6,none,fp8,fp8_e4m3,FLASHINFER,False,gsm8k,64,0,50,1000,0.0,,5.1275,1370.88
f4d8fbdfdccc68f6,none,fp8,fp8_e4m3,FLASHINFER,False,gsm8k,64,0,75,200,0.0,,5.1275,1370.88
f4d8fbdfdccc68f6,none,fp8,fp8_e4m3,FLASHINFER,False,gsm8k,64,0,75,500,0.0,,5.1275,1370.88
f4d8fbdfdccc68f6,none,fp8,fp8_e4m3,FLASHINFER,False,gsm8k,64,0,75,1000,0.0,,5.1275,1370.88
f4d8fbdfdccc68f6,none,fp8,fp8_e4m3,FLASHINFER,False,gsm8k,64,1,20,200,0.0,,5.5099,1380.63
f4d8fbdfdccc68f6,none,fp8,fp8_e4m3,FLASHINFER,False,gsm8k,64,1,20,500,0.0,,5.5099,1380.63
f4d8fbdfdccc68f6,none,fp8,fp8_e4m3,FLASHINFER,False,gsm8k,64,1,20,1000,0.0,,5.5099,1380.63
f4d8fbdfdccc68f6,none,fp8,fp8_e4m3,FLASHINFER,False,gsm8k,64,1,35,200,0.0,,5.5099,1380.63
f4d8fbdfdccc68f6,none,fp8,fp8_e4m3,FLASHINFER,False,gsm8k,64,1,35,500,0.0,,5.5099,1380.63
f4d8fbdfdccc68f6,none,fp8,fp8_e4m3,FLASHINFER,False,gsm8k,64,1,35,1000,0.0,,5.5099,1380.63
f4d8fbdfdccc68f6,none,fp8,fp8_e4m3,FLASHINFER,False,gsm8k,64,1,50,200,0.0,,5.5099,1380.63
f4d8fbdfdccc68f6,none,fp8,fp8_e4m3,FLASHINFER,False,gsm8k,64,1,50,500,0.0,,5.5099,1380.63
f4d8fbdfdccc68f6,none,fp8,fp8_e4m3,FLASHINFER,False,gsm8k,64,1,50,1000,0.0,,5.5099,1380.63
f4d8fbdfdccc68f6,none,fp8,fp8_e4m3,FLASHINFER,False,gsm8k,64,1,75,200,0.0,,5.5099,1380.63
f4d8fbdfdccc68f6,none,fp8,fp8_e4m3,FLASHINFER,False,gsm8k,64,1,75,500,0.0,,5.5099,1380.63
f4d8fbdfdccc68f6,none,fp8,fp8_e4m3,FLASHINFER,False,gsm8k,64,1,75,1000,0.0,,5.5099,1380.63
fa7996fe5764f060,none,bf16,fp8_e4m3,FLASHINFER,False,gsm8k,1,0,20,200,0.0,,0.1129,26.49
fa7996fe5764f060,none,bf16,fp8_e4m3,FLASHINFER,False,gsm8k,1,0,20,500,0.0,,0.1129,26.49
fa7996fe5764f060,none,bf16,fp8_e4m3,FLASHINFER,False,gsm8k,1,0,20,1000,0.0,,0.1129,26.49
fa7996fe5764f060,none,bf16,fp8_e4m3,FLASHINFER,False,gsm8k,1,0,35,200,0.0,,0.1129,26.49
fa7996fe5764f060,none,bf16,fp8_e4m3,FLASHINFER,False,gsm8k,1,0,35,500,0.0,,0.1129,26.49
fa7996fe5764f060,none,bf16,fp8_e4m3,FLASHINFER,False,gsm8k,1,0,35,1000,0.0,,0.1129,26.49
fa7996fe5764f060,none,bf16,fp8_e4m3,FLASHINFER,False,gsm8k,1,0,50,200,0.0,,0.1129,26.49
fa7996fe5764f060,none,bf16,fp8_e4m3,FLASHINFER,False,gsm8k,1,0,50,500,0.0,,0.1129,26.49
fa7996fe5764f060,none,bf16,fp8_e4m3,FLASHINFER,False,gsm8k,1,0,50,1000,0.0,,0.1129,26.49
fa7996fe5764f060,none,bf16,fp8_e4m3,FLASHINFER,False,gsm8k,1,0,75,200,0.0,,0.1129,26.49
fa7996fe5764f060,none,bf16,fp8_e4m3,FLASHINFER,False,gsm8k,1,0,75,500,0.0,,0.1129,26.49
fa7996fe5764f060,none,bf16,fp8_e4m3,FLASHINFER,False,gsm8k,1,0,75,1000,0.0,,0.1129,26.49
fa7996fe5764f060,none,bf16,fp8_e4m3,FLASHINFER,False,gsm8k,1,1,20,200,0.0,,0.1051,26.41
fa7996fe5764f060,none,bf16,fp8_e4m3,FLASHINFER,False,gsm8k,1,1,20,500,0.0,,0.1051,26.41
fa7996fe5764f060,none,bf16,fp8_e4m3,FLASHINFER,False,gsm8k,1,1,20,1000,0.0,,0.1051,26.41
fa7996fe5764f060,none,bf16,fp8_e4m3,FLASHINFER,False,gsm8k,1,1,35,200,0.0,,0.1051,26.41
fa7996fe5764f060,none,bf16,fp8_e4m3,FLASHINFER,False,gsm8k,1,1,35,500,0.0,,0.1051,26.41
fa7996fe5764f060,none,bf16,fp8_e4m3,FLASHINFER,False,gsm8k,1,1,35,1000,0.0,,0.1051,26.41
fa7996fe5764f060,none,bf16,fp8_e4m3,FLASHINFER,False,gsm8k,1,1,50,200,0.0,,0.1051,26.41
fa7996fe5764f060,none,bf16,fp8_e4m3,FLASHINFER,False,gsm8k,1,1,50,500,0.0,,0.1051,26.41
fa7996fe5764f060,none,bf16,fp8_e4m3,FLASHINFER,False,gsm8k,1,1,50,1000,0.0,,0.1051,26.41
fa7996fe5764f060,none,bf16,fp8_e4m3,FLASHINFER,False,gsm8k,1,1,75,200,0.0,,0.1051,26.41
fa7996fe5764f060,none,bf16,fp8_e4m3,FLASHINFER,False,gsm8k,1,1,75,500,0.0,,0.1051,26.41
fa7996fe5764f060,none,bf16,fp8_e4m3,FLASHINFER,False,gsm8k,1,1,75,1000,0.0,,0.1051,26.41
fa7996fe5764f060,none,bf16,fp8_e4m3,FLASHINFER,False,gsm8k,16,0,20,200,0.0,,1.0442,282.59
fa7996fe5764f060,none,bf16,fp8_e4m3,FLASHINFER,False,gsm8k,16,0,20,500,0.0,,1.0442,282.59
fa7996fe5764f060,none,bf16,fp8_e4m3,FLASHINFER,False,gsm8k,16,0,20,1000,0.0,,1.0442,282.59
fa7996fe5764f060,none,bf16,fp8_e4m3,FLASHINFER,False,gsm8k,16,0,35,200,0.0,,1.0442,282.59
fa7996fe5764f060,none,bf16,fp8_e4m3,FLASHINFER,False,gsm8k,16,0,35,500,0.0,,1.0442,282.59
fa7996fe5764f060,none,bf16,fp8_e4m3,FLASHINFER,False,gsm8k,16,0,35,1000,0.0,,1.0442,282.59
fa7996fe5764f060,none,bf16,fp8_e4m3,FLASHINFER,False,gsm8k,16,0,50,200,0.0,,1.0442,282.59
fa7996fe5764f060,none,bf16,fp8_e4m3,FLASHINFER,False,gsm8k,16,0,50,500,0.0,,1.0442,282.59
fa7996fe5764f060,none,bf16,fp8_e4m3,FLASHINFER,False,gsm8k,16,0,50,1000,0.0,,1.0442,282.59
fa7996fe5764f060,none,bf16,fp8_e4m3,FLASHINFER,False,gsm8k,16,0,75,200,0.0,,1.0442,282.59
fa7996fe5764f060,none,bf16,fp8_e4m3,FLASHINFER,False,gsm8k,16,0,75,500,0.0,,1.0442,282.59
fa7996fe5764f060,none,bf16,fp8_e4m3,FLASHINFER,False,gsm8k,16,0,75,1000,0.0,,1.0442,282.59
fa7996fe5764f060,none,bf16,fp8_e4m3,FLASHINFER,False,gsm8k,16,1,20,200,0.0,,1.1586,277.03
fa7996fe5764f060,none,bf16,fp8_e4m3,FLASHINFER,False,gsm8k,16,1,20,500,0.0,,1.1586,277.03
fa7996fe5764f060,none,bf16,fp8_e4m3,FLASHINFER,False,gsm8k,16,1,20,1000,0.0,,1.1586,277.03
fa7996fe5764f060,none,bf16,fp8_e4m3,FLASHINFER,False,gsm8k,16,1,35,200,0.0,,1.1586,277.03
fa7996fe5764f060,none,bf16,fp8_e4m3,FLASHINFER,False,gsm8k,16,1,35,500,0.0,,1.1586,277.03
fa7996fe5764f060,none,bf16,fp8_e4m3,FLASHINFER,False,gsm8k,16,1,35,1000,0.0,,1.1586,277.03
fa7996fe5764f060,none,bf16,fp8_e4m3,FLASHINFER,False,gsm8k,16,1,50,200,0.0,,1.1586,277.03
fa7996fe5764f060,none,bf16,fp8_e4m3,FLASHINFER,False,gsm8k,16,1,50,500,0.0,,1.1586,277.03
fa7996fe5764f060,none,bf16,fp8_e4m3,FLASHINFER,False,gsm8k,16,1,50,1000,0.0,,1.1586,277.03
fa7996fe5764f060,none,bf16,fp8_e4m3,FLASHINFER,False,gsm8k,16,1,75,200,0.0,,1.1586,277.03
fa7996fe5764f060,none,bf16,fp8_e4m3,FLASHINFER,False,gsm8k,16,1,75,500,0.0,,1.1586,277.03
fa7996fe5764f060,none,bf16,fp8_e4m3,FLASHINFER,False,gsm8k,16,1,75,1000,0.0,,1.1586,277.03
fa7996fe5764f060,none,bf16,fp8_e4m3,FLASHINFER,False,gsm8k,64,0,20,200,0.0,,3.3455,866.44
fa7996fe5764f060,none,bf16,fp8_e4m3,FLASHINFER,False,gsm8k,64,0,20,500,0.0,,3.3455,866.44
fa7996fe5764f060,none,bf16,fp8_e4m3,FLASHINFER,False,gsm8k,64,0,20,1000,0.0,,3.3455,866.44
fa7996fe5764f060,none,bf16,fp8_e4m3,FLASHINFER,False,gsm8k,64,0,35,200,0.0,,3.3455,866.44
fa7996fe5764f060,none,bf16,fp8_e4m3,FLASHINFER,False,gsm8k,64,0,35,500,0.0,,3.3455,866.44
fa7996fe5764f060,none,bf16,fp8_e4m3,FLASHINFER,False,gsm8k,64,0,35,1000,0.0,,3.3455,866.44
fa7996fe5764f060,none,bf16,fp8_e4m3,FLASHINFER,False,gsm8k,64,0,50,200,0.0,,3.3455,866.44
fa7996fe5764f060,none,bf16,fp8_e4m3,FLASHINFER,False,gsm8k,64,0,50,500,0.0,,3.3455,866.44
fa7996fe5764f060,none,bf16,fp8_e4m3,FLASHINFER,False,gsm8k,64,0,50,1000,0.0,,3.3455,866.44
fa7996fe5764f060,none,bf16,fp8_e4m3,FLASHINFER,False,gsm8k,64,0,75,200,0.0,,3.3455,866.44
fa7996fe5764f060,none,bf16,fp8_e4m3,FLASHINFER,False,gsm8k,64,0,75,500,0.0,,3.3455,866.44
fa7996fe5764f060,none,bf16,fp8_e4m3,FLASHINFER,False,gsm8k,64,0,75,1000,0.0,,3.3455,866.44
fa7996fe5764f060,none,bf16,fp8_e4m3,FLASHINFER,False,gsm8k,64,1,20,200,0.0,,3.2706,804.28
fa7996fe5764f060,none,bf16,fp8_e4m3,FLASHINFER,False,gsm8k,64,1,20,500,0.0,,3.2706,804.28
fa7996fe5764f060,none,bf16,fp8_e4m3,FLASHINFER,False,gsm8k,64,1,20,1000,0.0,,3.2706,804.28
fa7996fe5764f060,none,bf16,fp8_e4m3,FLASHINFER,False,gsm8k,64,1,35,200,0.0,,3.2706,804.28
fa7996fe5764f060,none,bf16,fp8_e4m3,FLASHINFER,False,gsm8k,64,1,35,500,0.0,,3.2706,804.28
fa7996fe5764f060,none,bf16,fp8_e4m3,FLASHINFER,False,gsm8k,64,1,35,1000,0.0,,3.2706,804.28
fa7996fe5764f060,none,bf16,fp8_e4m3,FLASHINFER,False,gsm8k,64,1,50,200,0.0,,3.2706,804.28
fa7996fe5764f060,none,bf16,fp8_e4m3,FLASHINFER,False,gsm8k,64,1,50,500,0.0,,3.2706,804.28
fa7996fe5764f060,none,bf16,fp8_e4m3,FLASHINFER,False,gsm8k,64,1,50,1000,0.0,,3.2706,804.28
fa7996fe5764f060,none,bf16,fp8_e4m3,FLASHINFER,False,gsm8k,64,1,75,200,0.0,,3.2706,804.28
fa7996fe5764f060,none,bf16,fp8_e4m3,FLASHINFER,False,gsm8k,64,1,75,500,0.0,,3.2706,804.28
fa7996fe5764f060,none,bf16,fp8_e4m3,FLASHINFER,False,gsm8k,64,1,75,1000,0.0,,3.2706,804.28
